mode,cell_id,cell_label,session,n,k,m,alpha,beta,delta,mu,xi,seed,convergence_window,max_periods,eval_periods,converged,periods_to_convergence,detected_cycle_length,profit_gain_mean,p_n,p_m,discrete_nash_action_0,discrete_nash_action_1,discrete_monopoly_action_0,discrete_monopoly_action_1,discrete_nash_price_0,discrete_nash_price_1,discrete_monopoly_price_0,discrete_monopoly_price_1,pi_n_0,pi_n_1,pi_m_0,pi_m_1,wall_time_seconds,run_started_at,run_completed_at,code_version,dirty_worktree,long_run_avg_price_0,long_run_avg_price_1,long_run_avg_profit_0,long_run_avg_profit_1,profit_gain_delta_0,profit_gain_delta_1,last_price_0,last_price_1
representative,0,representative:alpha=0.15:beta=4e-06,0,2,1,15,0.15,4e-06,0.95,0.25,0.1,10000,10000000,10000000,100000,False,10000000,2,0.8398883566613407,1.472926660030884,1.9249809190175329,1,1,13,13,1.4664687420453604,1.4664687420453604,1.9314388370030566,1.9314388370030566,0.22020400846622798,0.22020400846622798,0.337459978414553,0.337459978414553,5.272430000000895,2026-05-30T18:08:57.897728+00:00,2026-05-30T18:09:03.170203+00:00,unknown,,1.7764488053508016,1.7570750513927127,0.31140993060133704,0.32596193414837943,0.7778360639147305,0.9019406494079509,1.776448805350491,1.8151963132636324
representative,0,representative:alpha=0.15:beta=4e-06,1,2,1,15,0.15,4e-06,0.95,0.25,0.1,10001,10000000,10000000,100000,False,10000000,1,0.9695789049973705,1.472926660030884,1.9249809190175329,1,1,13,13,1.4664687420453604,1.4664687420453604,1.9314388370030566,1.9314388370030566,0.22020400846622798,0.22020400846622798,0.337459978414553,0.337459978414553,5.3953537000015785,2026-05-30T18:08:57.899728+00:00,2026-05-30T18:09:03.295202+00:00,unknown,,1.853943821178618,1.853943821178618,0.33389292341312954,0.33389292341312954,0.9695789049973705,0.9695789049973705,1.8539438211767738,1.8539438211767738
representative,0,representative:alpha=0.15:beta=4e-06,2,2,1,15,0.15,4e-06,0.95,0.25,0.1,10002,10000000,10000000,100000,False,10000000,2,0.9488643308350324,1.472926660030884,1.9249809190175329,1,1,13,13,1.4664687420453604,1.4664687420453604,1.9314388370030566,1.9314388370030566,0.22020400846622798,0.22020400846622798,0.337459978414553,0.337459978414553,5.259304600000178,2026-05-30T18:08:57.900728+00:00,2026-05-30T18:09:03.159202+00:00,unknown,,1.8539438211750052,1.8733175751309743,0.3401045273581617,0.3228235044971544,1.0225536400813893,0.8751750215886756,1.9314388370030566,1.9314388370030566
representative,0,representative:alpha=0.15:beta=4e-06,3,2,1,15,0.15,4e-06,0.95,0.25,0.1,10003,10000000,10000000,100000,False,10000000,1,0.9476184238284344,1.472926660030884,1.9249809190175329,1,1,13,13,1.4664687420453604,1.4664687420453604,1.9314388370030566,1.9314388370030566,0.22020400846622798,0.22020400846622798,0.337459978414553,0.337459978414553,5.3715637999994215,2026-05-30T18:08:57.915729+00:00,2026-05-30T18:09:03.287200+00:00,unknown,,1.853943821178618,1.8151963132630151,0.3133526901945411,0.3492831615917269,0.7944045984981742,1.1008322491586946,1.8539438211767738,1.8151963132636324
representative,0,representative:alpha=0.15:beta=4e-06,4,2,1,15,0.15,4e-06,0.95,0.25,0.1,10004,10000000,10000000,100000,False,10000000,1,0.9809839251393688,1.472926660030884,1.9249809190175329,1,1,13,13,1.4664687420453604,1.4664687420453604,1.9314388370030566,1.9314388370030566,0.22020400846622798,0.22020400846622798,0.337459978414553,0.337459978414553,5.321356599997671,2026-05-30T18:08:57.917728+00:00,2026-05-30T18:09:03.239203+00:00,unknown,,1.892691329091976,1.853943821178618,0.3167084369424495,0.35375202328186994,0.8230235826691915,1.138944267609546,1.892691329089915,1.8539438211767738
representative,0,representative:alpha=0.15:beta=4e-06,5,2,1,15,0.15,4e-06,0.95,0.25,0.1,10005,10000000,10000000,100000,False,10000000,1,0.9695789049973705,1.472926660030884,1.9249809190175329,1,1,13,13,1.4664687420453604,1.4664687420453604,1.9314388370030566,1.9314388370030566,0.22020400846622798,0.22020400846622798,0.337459978414553,0.337459978414553,5.32622099999935,2026-05-30T18:08:57.937728+00:00,2026-05-30T18:09:03.263201+00:00,unknown,,1.853943821178618,1.853943821178618,0.33389292341312954,0.33389292341312954,0.9695789049973705,0.9695789049973705,1.8539438211767738,1.8539438211767738
representative,0,representative:alpha=0.15:beta=4e-06,6,2,1,15,0.15,4e-06,0.95,0.25,0.1,10006,10000000,10000000,100000,False,10000000,3,0.972924150464187,1.472926660030884,1.9249809190175329,1,1,13,13,1.4664687420453604,1.4664687420453604,1.9314388370030566,1.9314388370030566,0.22020400846622798,0.22020400846622798,0.337459978414553,0.337459978414553,4.818370400000276,2026-05-30T18:09:03.160202+00:00,2026-05-30T18:09:07.978814+00:00,unknown,,1.8668591405154715,1.8797748473261635,0.34059867891300477,0.3279716679171079,1.0267679376993342,0.9190803632290399,1.8151963132636324,1.8151963132636324
representative,0,representative:alpha=0.15:beta=4e-06,7,2,1,15,0.15,4e-06,0.95,0.25,0.1,10007,10000000,10000000,100000,False,10000000,2,0.7243499363505392,1.472926660030884,1.9249809190175329,1,1,13,13,1.4664687420453604,1.4664687420453604,1.9314388370030566,1.9314388370030566,0.22020400846622798,0.22020400846622798,0.337459978414553,0.337459978414553,4.912088400000357,2026-05-30T18:09:03.170203+00:00,2026-05-30T18:09:08.082297+00:00,unknown,,1.6989537895231375,1.7570750513927127,0.32490934698545637,0.2853673786845795,0.8929638172399433,0.555736055461135,1.8151963132636324,1.8151963132636324
representative,0,representative:alpha=0.15:beta=4e-06,8,2,1,15,0.15,4e-06,0.95,0.25,0.1,10008,10000000,10000000,100000,False,10000000,2,0.8259622603672541,1.472926660030884,1.9249809190175329,1,1,13,13,1.4664687420453604,1.4664687420453604,1.9314388370030566,1.9314388370030566,0.22020400846622798,0.22020400846622798,0.337459978414553,0.337459978414553,4.8411605000001146,2026-05-30T18:09:03.239203+00:00,2026-05-30T18:09:08.080296+00:00,unknown,,1.7570750513938647,1.8151963132646065,0.3383650762209965,0.29574095267160616,1.0077189912534292,0.6442055294810788,1.8539438211767738,1.776448805350491
representative,0,representative:alpha=0.15:beta=4e-06,9,2,1,15,0.15,4e-06,0.95,0.25,0.1,10009,10000000,10000000,100000,False,10000000,1,0.9809839251393688,1.472926660030884,1.9249809190175329,1,1,13,13,1.4664687420453604,1.4664687420453604,1.9314388370030566,1.9314388370030566,0.22020400846622798,0.22020400846622798,0.337459978414553,0.337459978414553,4.949580499996955,2026-05-30T18:09:03.264203+00:00,2026-05-30T18:09:08.213297+00:00,unknown,,1.892691329091976,1.853943821178618,0.3167084369424495,0.35375202328186994,0.8230235826691915,1.138944267609546,1.892691329089915,1.8539438211767738
representative,0,representative:alpha=0.15:beta=4e-06,10,2,1,15,0.15,4e-06,0.95,0.25,0.1,10010,10000000,10000000,100000,False,10000000,2,0.9059111296831801,1.472926660030884,1.9249809190175329,1,1,13,13,1.4664687420453604,1.4664687420453604,1.9314388370030566,1.9314388370030566,0.22020400846622798,0.22020400846622798,0.337459978414553,0.337459978414553,4.856082999998762,2026-05-30T18:09:03.287200+00:00,2026-05-30T18:09:08.143296+00:00,unknown,,1.8151963132646065,1.7958225593069517,0.31755094480443935,0.3353040485239849,0.8302087849438489,0.9816134744225113,1.8539438211767738,1.776448805350491
representative,0,representative:alpha=0.15:beta=4e-06,11,2,1,15,0.15,4e-06,0.95,0.25,0.1,10011,10000000,10000000,100000,False,10000000,1,0.9874273117711752,1.472926660030884,1.9249809190175329,1,1,13,13,1.4664687420453604,1.4664687420453604,1.9314388370030566,1.9314388370030566,0.22020400846622798,0.22020400846622798,0.337459978414553,0.337459978414553,4.90841619999992,2026-05-30T18:09:03.295202+00:00,2026-05-30T18:09:08.204296+00:00,unknown,,1.9701863449203258,1.9701863449203258,0.33598575566142425,0.33598575566142425,0.9874273117711752,0.9874273117711752,1.9701863449161978,1.9701863449161978
representative,0,representative:alpha=0.15:beta=4e-06,12,2,1,15,0.15,4e-06,0.95,0.25,0.1,10012,10000000,10000000,100000,False,10000000,1,0.8325800850729831,1.472926660030884,1.9249809190175329,1,1,13,13,1.4664687420453604,1.4664687420453604,1.9314388370030566,1.9314388370030566,0.22020400846622798,0.22020400846622798,0.337459978414553,0.337459978414553,5.4833766000010655,2026-05-30T18:09:07.978814+00:00,2026-05-30T18:09:13.461662+00:00,unknown,,1.7377012974378705,1.7764488053508016,0.33430925737502404,0.3013487304272151,0.9731295469141785,0.6920306232317877,1.7377012974373498,1.776448805350491
representative,0,representative:alpha=0.15:beta=4e-06,13,2,1,15,0.15,4e-06,0.95,0.25,0.1,10013,10000000,10000000,100000,False,10000000,1,0.5976710679293731,1.472926660030884,1.9249809190175329,1,1,13,13,1.4664687420453604,1.4664687420453604,1.9314388370030566,1.9314388370030566,0.22020400846622798,0.22020400846622798,0.337459978414553,0.337459978414553,5.448982100002468,2026-05-30T18:09:08.080296+00:00,2026-05-30T18:09:13.529551+00:00,unknown,,1.6989537895224467,1.6214587737020123,0.2624356177366136,0.3181334007560621,0.3601659624580071,0.835176173400739,1.6989537895242084,1.6214587736979258
representative,0,representative:alpha=0.15:beta=4e-06,14,2,1,15,0.15,4e-06,0.95,0.25,0.1,10014,10000000,10000000,100000,False,10000000,1,0.8977286616688271,1.472926660030884,1.9249809190175329,1,1,13,13,1.4664687420453604,1.4664687420453604,1.9314388370030566,1.9314388370030566,0.22020400846622798,0.22020400846622798,0.337459978414553,0.337459978414553,5.5490328000014415,2026-05-30T18:09:08.083297+00:00,2026-05-30T18:09:13.632022+00:00,unknown,,1.7764488053508016,1.8151963132630151,0.342749076301613,0.30818703057962304,1.0451072801614358,0.7503500431762186,1.776448805350491,1.8151963132636324
representative,0,representative:alpha=0.15:beta=4e-06,15,2,1,15,0.15,4e-06,0.95,0.25,0.1,10015,10000000,10000000,100000,False,10000000,1,0.8708867292586706,1.472926660030884,1.9249809190175329,1,1,13,13,1.4664687420453604,1.4664687420453604,1.9314388370030566,1.9314388370030566,0.22020400846622798,0.22020400846622798,0.337459978414553,0.337459978414553,5.584269400002086,2026-05-30T18:09:08.143296+00:00,2026-05-30T18:09:13.728021+00:00,unknown,,1.7764488053508016,1.7764488053508016,0.32232067662057773,0.32232067662057773,0.8708867292586706,0.8708867292586706,1.776448805350491,1.776448805350491
representative,0,representative:alpha=0.15:beta=4e-06,16,2,1,15,0.15,4e-06,0.95,0.25,0.1,10016,10000000,10000000,100000,False,10000000,2,0.7832930979231267,1.472926660030884,1.9249809190175329,1,1,13,13,1.4664687420453604,1.4664687420453604,1.9314388370030566,1.9314388370030566,0.22020400846622798,0.22020400846622798,0.337459978414553,0.337459978414553,5.53470020000168,2026-05-30T18:09:08.204296+00:00,2026-05-30T18:09:13.739021+00:00,unknown,,1.7570750513943842,1.7183275434802285,0.29708614230279684,0.32701345853126823,0.6556777780308414,0.9109084178154121,1.7377012974373498,1.660206281611067
representative,0,representative:alpha=0.15:beta=4e-06,17,2,1,15,0.15,4e-06,0.95,0.25,0.1,10017,10000000,10000000,100000,False,10000000,1,0.8325800850729831,1.472926660030884,1.9249809190175329,1,1,13,13,1.4664687420453604,1.4664687420453604,1.9314388370030566,1.9314388370030566,0.22020400846622798,0.22020400846622798,0.337459978414553,0.337459978414553,5.455610299999535,2026-05-30T18:09:08.213297+00:00,2026-05-30T18:09:13.669021+00:00,unknown,,1.7764488053508016,1.7377012974378705,0.3013487304272151,0.33430925737502404,0.6920306232317877,0.9731295469141785,1.776448805350491,1.7377012974373498
representative,0,representative:alpha=0.15:beta=4e-06,18,2,1,15,0.15,4e-06,0.95,0.25,0.1,10018,10000000,10000000,100000,False,10000000,2,0.8215035726527565,1.472926660030884,1.9249809190175329,1,1,13,13,1.4664687420453604,1.4664687420453604,1.9314388370030566,1.9314388370030566,0.22020400846622798,0.22020400846622798,0.337459978414553,0.337459978414553,5.228230799999437,2026-05-30T18:09:13.462662+00:00,2026-05-30T18:09:18.690541+00:00,unknown,,1.7764488053501222,1.7764488053507907,0.31850323748949305,0.3145571758977894,0.8383302706598715,0.8046768746456415,1.6989537895242084,1.660206281611067
representative,0,representative:alpha=0.15:beta=4e-06,19,2,1,15,0.15,4e-06,0.95,0.25,0.1,10019,10000000,10000000,100000,False,10000000,2,0.9226735427485098,1.472926660030884,1.9249809190175329,1,1,13,13,1.4664687420453604,1.4664687420453604,1.9314388370030566,1.9314388370030566,0.22020400846622798,0.22020400846622798,0.337459978414553,0.337459978414553,5.391025500000978,2026-05-30T18:09:13.529551+00:00,2026-05-30T18:09:18.920542+00:00,unknown,,1.8151963132646065,1.8151963132630151,0.3280508832481447,0.32873509608557894,0.9197559393303819,0.9255911461666375,1.8539438211767738,1.8151963132636324
representative,0,representative:alpha=0.15:beta=4e-06,20,2,1,15,0.15,4e-06,0.95,0.25,0.1,10020,10000000,10000000,100000,False,10000000,2,0.8618164229686137,1.472926660030884,1.9249809190175329,1,1,13,13,1.4664687420453604,1.4664687420453604,1.9314388370030566,1.9314388370030566,0.22020400846622798,0.22020400846622798,0.337459978414553,0.337459978414553,5.204748899999686,2026-05-30T18:09:13.632022+00:00,2026-05-30T18:09:18.837543+00:00,unknown,,1.7764488053501226,1.8151963132646065,0.336326284568512,0.30618797354910543,0.9903314616173434,0.733301384319884,1.8539438211767738,1.776448805350491
representative,0,representative:alpha=0.15:beta=4e-06,21,2,1,15,0.15,4e-06,0.95,0.25,0.1,10021,10000000,10000000,100000,False,10000000,1,0.7989537912756846,1.472926660030884,1.9249809190175329,1,1,13,13,1.4664687420453604,1.4664687420453604,1.9314388370030566,1.9314388370030566,0.22020400846622798,0.22020400846622798,0.337459978414553,0.337459978414553,5.309912600001553,2026-05-30T18:09:13.670021+00:00,2026-05-30T18:09:18.980033+00:00,unknown,,1.7377012974378705,1.7377012974378705,0.31388611020615,0.31388611020615,0.7989537912756846,0.7989537912756846,1.7377012974373498,1.7377012974373498
representative,0,representative:alpha=0.15:beta=4e-06,22,2,1,15,0.15,4e-06,0.95,0.25,0.1,10022,10000000,10000000,100000,False,10000000,1,0.9476184238284344,1.472926660030884,1.9249809190175329,1,1,13,13,1.4664687420453604,1.4664687420453604,1.9314388370030566,1.9314388370030566,0.22020400846622798,0.22020400846622798,0.337459978414553,0.337459978414553,5.29428039999766,2026-05-30T18:09:13.728021+00:00,2026-05-30T18:09:19.022921+00:00,unknown,,1.8151963132630151,1.853943821178618,0.3492831615917269,0.3133526901945411,1.1008322491586946,0.7944045984981742,1.8151963132636324,1.8539438211767738
representative,0,representative:alpha=0.15:beta=4e-06,23,2,1,15,0.15,4e-06,0.95,0.25,0.1,10023,10000000,10000000,100000,False,10000000,1,0.9967391042923603,1.472926660030884,1.9249809190175329,1,1,13,13,1.4664687420453604,1.4664687420453604,1.9314388370030566,1.9314388370030566,0.22020400846622798,0.22020400846622798,0.337459978414553,0.337459978414553,5.3241737999996985,2026-05-30T18:09:13.739021+00:00,2026-05-30T18:09:19.063781+00:00,unknown,,1.892691329091976,1.931438836999107,0.3560183248264261,0.31813691302448066,1.1582720813281557,0.8352061272565648,1.892691329089915,1.9314388370030566
representative,0,representative:alpha=0.15:beta=4e-06,24,2,1,15,0.15,4e-06,0.95,0.25,0.1,10024,10000000,10000000,100000,False,10000000,1,0.9476184238284344,1.472926660030884,1.9249809190175329,1,1,13,13,1.4664687420453604,1.4664687420453604,1.9314388370030566,1.9314388370030566,0.22020400846622798,0.22020400846622798,0.337459978414553,0.337459978414553,4.755161699999007,2026-05-30T18:09:18.690541+00:00,2026-05-30T18:09:23.446572+00:00,unknown,,1.853943821178618,1.8151963132630151,0.3133526901945411,0.3492831615917269,0.7944045984981742,1.1008322491586946,1.8539438211767738,1.8151963132636324
representative,0,representative:alpha=0.15:beta=4e-06,25,2,1,15,0.15,4e-06,0.95,0.25,0.1,10025,10000000,10000000,100000,False,10000000,1,0.6620232201649494,1.472926660030884,1.9249809190175329,1,1,13,13,1.4664687420453604,1.4664687420453604,1.9314388370030566,1.9314388370030566,0.22020400846622798,0.22020400846622798,0.337459978414553,0.337459978414553,4.62894850000157,2026-05-30T18:09:18.837543+00:00,2026-05-30T18:09:23.466762+00:00,unknown,,1.660206281609674,1.6989537895224467,0.312405914853117,0.2832544516968483,0.786330166621986,0.5377162737079129,1.660206281611067,1.6989537895242084
representative,0,representative:alpha=0.15:beta=4e-06,26,2,1,15,0.15,4e-06,0.95,0.25,0.1,10026,10000000,10000000,100000,False,10000000,1,0.9967391042923603,1.472926660030884,1.9249809190175329,1,1,13,13,1.4664687420453604,1.4664687420453604,1.9314388370030566,1.9314388370030566,0.22020400846622798,0.22020400846622798,0.337459978414553,0.337459978414553,4.681962599999679,2026-05-30T18:09:18.921549+00:00,2026-05-30T18:09:23.603683+00:00,unknown,,1.931438836999107,1.892691329091976,0.31813691302448066,0.3560183248264261,0.8352061272565648,1.1582720813281557,1.9314388370030566,1.892691329089915
representative,0,representative:alpha=0.15:beta=4e-06,27,2,1,15,0.15,4e-06,0.95,0.25,0.1,10027,10000000,10000000,100000,False,10000000,2,0.6195022355813087,1.472926660030884,1.9249809190175329,1,1,13,13,1.4664687420453604,1.4664687420453604,1.9314388370030566,1.9314388370030566,0.22020400846622798,0.22020400846622798,0.337459978414553,0.337459978414553,4.8112723999984155,2026-05-30T18:09:18.980033+00:00,2026-05-30T18:09:23.791685+00:00,unknown,,1.6989537895236662,1.6602062816102243,0.28302748603352906,0.3026612019354111,0.5357806309988953,0.703223840163722,1.660206281611067,1.543963757871643
representative,0,representative:alpha=0.15:beta=4e-06,28,2,1,15,0.15,4e-06,0.95,0.25,0.1,10028,10000000,10000000,100000,False,10000000,2,0.7576183910295922,1.472926660030884,1.9249809190175329,1,1,13,13,1.4664687420453604,1.4664687420453604,1.9314388370030566,1.9314388370030566,0.22020400846622798,0.22020400846622798,0.337459978414553,0.337459978414553,4.795927799998026,2026-05-30T18:09:19.022921+00:00,2026-05-30T18:09:23.818684+00:00,unknown,,1.8151963132630151,1.737701297437198,0.28595292984259363,0.33212564567159075,0.5607298409227381,0.9545069411364462,1.8151963132636324,1.892691329089915
representative,0,representative:alpha=0.15:beta=4e-06,29,2,1,15,0.15,4e-06,0.95,0.25,0.1,10029,10000000,10000000,100000,False,10000000,2,0.7956761602526096,1.472926660030884,1.9249809190175329,1,1,13,13,1.4664687420453604,1.4664687420453604,1.9314388370030566,1.9314388370030566,0.22020400846622798,0.22020400846622798,0.337459978414553,0.337459978414553,4.788762100000895,2026-05-30T18:09:19.063781+00:00,2026-05-30T18:09:23.852683+00:00,unknown,,1.7764488053507905,1.7570750513943842,0.302287605914754,0.3247159708880592,0.7000376823858134,0.8913146381194057,1.892691329089915,1.7377012974373498
representative,0,representative:alpha=0.15:beta=4e-06,30,2,1,15,0.15,4e-06,0.95,0.25,0.1,10030,10000000,10000000,100000,False,10000000,1,0.5094274288525722,1.472926660030884,1.9249809190175329,1,1,13,13,1.4664687420453604,1.4664687420453604,1.9314388370030566,1.9314388370030566,0.22020400846622798,0.22020400846622798,0.337459978414553,0.337459978414553,4.826133999999001,2026-05-30T18:09:23.446572+00:00,2026-05-30T18:09:28.272628+00:00,unknown,,1.6214587737020123,1.6214587737020123,0.27993741575461767,0.27993741575461767,0.5094274288525722,0.5094274288525722,1.6214587736979258,1.6214587736979258
representative,0,representative:alpha=0.15:beta=4e-06,31,2,1,15,0.15,4e-06,0.95,0.25,0.1,10031,10000000,10000000,100000,False,10000000,1,0.7820480516535492,1.472926660030884,1.9249809190175329,1,1,13,13,1.4664687420453604,1.4664687420453604,1.9314388370030566,1.9314388370030566,0.22020400846622798,0.22020400846622798,0.337459978414553,0.337459978414553,4.971899100000883,2026-05-30T18:09:23.466762+00:00,2026-05-30T18:09:28.438770+00:00,unknown,,1.7764488053508016,1.6989537895224467,0.2800707849008614,0.34373683771726393,0.5105648476663223,1.053531255640776,1.776448805350491,1.6989537895242084
representative,0,representative:alpha=0.15:beta=4e-06,32,2,1,15,0.15,4e-06,0.95,0.25,0.1,10032,10000000,10000000,100000,False,10000000,2,0.8933215893552593,1.472926660030884,1.9249809190175329,1,1,13,13,1.4664687420453604,1.4664687420453604,1.9314388370030566,1.9314388370030566,0.22020400846622798,0.22020400846622798,0.337459978414553,0.337459978414553,5.078595799997856,2026-05-30T18:09:23.603683+00:00,2026-05-30T18:09:28.681956+00:00,unknown,,1.7958225593082293,1.834570067221381,0.34152302142476043,0.30837957437895597,1.034651054543304,0.7519921241672144,1.8539438211767738,1.776448805350491
representative,0,representative:alpha=0.15:beta=4e-06,33,2,1,15,0.15,4e-06,0.95,0.25,0.1,10033,10000000,10000000,100000,False,10000000,2,0.9065370392567906,1.472926660030884,1.9249809190175329,1,1,13,13,1.4664687420453604,1.4664687420453604,1.9314388370030566,1.9314388370030566,0.22020400846622798,0.22020400846622798,0.337459978414553,0.337459978414553,5.017536400002427,2026-05-30T18:09:23.791685+00:00,2026-05-30T18:09:28.809932+00:00,unknown,,1.8345700672187837,1.8151963132630151,0.3159518572810911,0.33704991931564043,0.8165712062000717,0.9965028723135096,1.9314388370030566,1.8151963132636324
representative,0,representative:alpha=0.15:beta=4e-06,34,2,1,15,0.15,4e-06,0.95,0.25,0.1,10034,10000000,10000000,100000,False,10000000,3,0.8561651121231436,1.472926660030884,1.9249809190175329,1,1,13,13,1.4664687420453604,1.4664687420453604,1.9314388370030566,1.9314388370030566,0.22020400846622798,0.22020400846622798,0.337459978414553,0.337459978414553,4.981461499999568,2026-05-30T18:09:23.818684+00:00,2026-05-30T18:09:28.800758+00:00,unknown,,1.815197475689751,1.8410273394125118,0.3277162143896539,0.31347274385863333,0.916901766032099,0.7954284582141882,1.9314388370030566,1.776448805350491
representative,0,representative:alpha=0.15:beta=4e-06,35,2,1,15,0.15,4e-06,0.95,0.25,0.1,10035,10000000,10000000,100000,False,10000000,1,0.7989537912756846,1.472926660030884,1.9249809190175329,1,1,13,13,1.4664687420453604,1.4664687420453604,1.9314388370030566,1.9314388370030566,0.22020400846622798,0.22020400846622798,0.337459978414553,0.337459978414553,4.976910600002157,2026-05-30T18:09:23.852683+00:00,2026-05-30T18:09:28.830335+00:00,unknown,,1.7377012974378705,1.7377012974378705,0.31388611020615,0.31388611020615,0.7989537912756846,0.7989537912756846,1.7377012974373498,1.7377012974373498
representative,0,representative:alpha=0.15:beta=4e-06,36,2,1,15,0.15,4e-06,0.95,0.25,0.1,10036,10000000,10000000,100000,False,10000000,2,0.7595649745828311,1.472926660030884,1.9249809190175329,1,1,13,13,1.4664687420453604,1.4664687420453604,1.9314388370030566,1.9314388370030566,0.22020400846622798,0.22020400846622798,0.337459978414553,0.337459978414553,4.828017799998634,2026-05-30T18:09:28.273149+00:00,2026-05-30T18:09:33.100706+00:00,unknown,,1.7377012974365225,1.7377012974365114,0.3106248177613366,0.30791025483808876,0.7711403464996903,0.7479896026659719,1.6989537895242084,1.8151963132636324
representative,0,representative:alpha=0.15:beta=4e-06,37,2,1,15,0.15,4e-06,0.95,0.25,0.1,10037,10000000,10000000,100000,False,10000000,1,0.994058599836574,1.472926660030884,1.9249809190175329,1,1,13,13,1.4664687420453604,1.4664687420453604,1.9314388370030566,1.9314388370030566,0.22020400846622798,0.22020400846622798,0.337459978414553,0.337459978414553,4.911544099999446,2026-05-30T18:09:28.439296+00:00,2026-05-30T18:09:33.350332+00:00,unknown,,1.9701863449203258,1.931438836999107,0.3175495622783793,0.35597706527269934,0.8301969942771508,1.1579202053959972,1.9701863449161978,1.9314388370030566
representative,0,representative:alpha=0.15:beta=4e-06,38,2,1,15,0.15,4e-06,0.95,0.25,0.1,10038,10000000,10000000,100000,False,10000000,2,0.9355775403668276,1.472926660030884,1.9249809190175329,1,1,13,13,1.4664687420453604,1.4664687420453604,1.9314388370030566,1.9314388370030566,0.22020400846622798,0.22020400846622798,0.337459978414553,0.337459978414553,4.960771500002011,2026-05-30T18:09:28.682956+00:00,2026-05-30T18:09:33.643337+00:00,unknown,,1.834570067221381,1.8345700672207232,0.32928143122344083,0.33053068962417625,0.9302504836664908,0.9409045970671643,1.776448805350491,1.8539438211767738
representative,0,representative:alpha=0.15:beta=4e-06,39,2,1,15,0.15,4e-06,0.95,0.25,0.1,10039,10000000,10000000,100000,False,10000000,2,0.9458936307526259,1.472926660030884,1.9249809190175329,1,1,13,13,1.4664687420453604,1.4664687420453604,1.9314388370030566,1.9314388370030566,0.22020400846622798,0.22020400846622798,0.337459978414553,0.337459978414553,4.894717600000149,2026-05-30T18:09:28.800758+00:00,2026-05-30T18:09:33.695337+00:00,unknown,,1.8926913290913088,1.8539438211750052,0.3128682964290026,0.34936307078713724,0.7902735187266967,1.101513742778555,1.9701863449161978,1.9314388370030566
representative,0,representative:alpha=0.15:beta=4e-06,40,2,1,15,0.15,4e-06,0.95,0.25,0.1,10040,10000000,10000000,100000,False,10000000,1,0.9809839251393688,1.472926660030884,1.9249809190175329,1,1,13,13,1.4664687420453604,1.4664687420453604,1.9314388370030566,1.9314388370030566,0.22020400846622798,0.22020400846622798,0.337459978414553,0.337459978414553,5.05286000000342,2026-05-30T18:09:28.809932+00:00,2026-05-30T18:09:33.862338+00:00,unknown,,1.853943821178618,1.892691329091976,0.35375202328186994,0.3167084369424495,1.138944267609546,0.8230235826691915,1.8539438211767738,1.892691329089915
representative,0,representative:alpha=0.15:beta=4e-06,41,2,1,15,0.15,4e-06,0.95,0.25,0.1,10041,10000000,10000000,100000,False,10000000,1,0.9809839251393688,1.472926660030884,1.9249809190175329,1,1,13,13,1.4664687420453604,1.4664687420453604,1.9314388370030566,1.9314388370030566,0.22020400846622798,0.22020400846622798,0.337459978414553,0.337459978414553,5.033900000002177,2026-05-30T18:09:28.830335+00:00,2026-05-30T18:09:33.864335+00:00,unknown,,1.853943821178618,1.892691329091976,0.35375202328186994,0.3167084369424495,1.138944267609546,0.8230235826691915,1.8539438211767738,1.892691329089915
representative,0,representative:alpha=0.15:beta=4e-06,42,2,1,15,0.15,4e-06,0.95,0.25,0.1,10042,10000000,10000000,100000,False,10000000,2,0.8083516933502024,1.472926660030884,1.9249809190175329,1,1,13,13,1.4664687420453604,1.4664687420453604,1.9314388370030566,1.9314388370030566,0.22020400846622798,0.22020400846622798,0.337459978414553,0.337459978414553,4.711183700001129,2026-05-30T18:09:33.101709+00:00,2026-05-30T18:09:37.812601+00:00,unknown,,1.7958225593069517,1.8151963132605626,0.32303905343528544,0.30693708722346846,0.8770132984646931,0.7396900882357116,1.6989537895242084,1.9314388370030566
representative,0,representative:alpha=0.15:beta=4e-06,43,2,1,15,0.15,4e-06,0.95,0.25,0.1,10043,10000000,10000000,100000,False,10000000,3,0.8107677721066366,1.472926660030884,1.9249809190175329,1,1,13,13,1.4664687420453604,1.4664687420453604,1.9314388370030566,1.9314388370030566,0.22020400846622798,0.22020400846622798,0.337459978414553,0.337459978414553,4.881669700000202,2026-05-30T18:09:33.351331+00:00,2026-05-30T18:09:38.232478+00:00,unknown,,1.750617004249448,1.7764499677760317,0.32737887042281016,0.3031638695520582,0.9140247784723831,0.7075107657408901,1.7377012974373498,1.892691329089915
representative,0,representative:alpha=0.15:beta=4e-06,44,2,1,15,0.15,4e-06,0.95,0.25,0.1,10044,10000000,10000000,100000,False,10000000,1,0.9938314232386942,1.472926660030884,1.9249809190175329,1,1,13,13,1.4664687420453604,1.4664687420453604,1.9314388370030566,1.9314388370030566,0.22020400846622798,0.22020400846622798,0.337459978414553,0.337459978414553,4.673675399997592,2026-05-30T18:09:33.643337+00:00,2026-05-30T18:09:38.317477+00:00,unknown,,1.892691329091976,1.892691329091976,0.3367366759632054,0.3367366759632054,0.9938314232386942,0.9938314232386942,1.892691329089915,1.892691329089915
representative,0,representative:alpha=0.15:beta=4e-06,45,2,1,15,0.15,4e-06,0.95,0.25,0.1,10045,10000000,10000000,100000,False,10000000,2,0.6275583950013723,1.472926660030884,1.9249809190175329,1,1,13,13,1.4664687420453604,1.4664687420453604,1.9314388370030566,1.9314388370030566,0.22020400846622798,0.22020400846622798,0.337459978414553,0.337459978414553,4.885375899997598,2026-05-30T18:09:33.696336+00:00,2026-05-30T18:09:38.581197+00:00,unknown,,1.6408325276558637,1.6989537895236662,0.31550013516043984,0.2720778183822161,0.8127187616648354,0.44239802833790937,1.6214587736979258,1.660206281611067
representative,0,representative:alpha=0.15:beta=4e-06,46,2,1,15,0.15,4e-06,0.95,0.25,0.1,10046,10000000,10000000,100000,False,10000000,1,0.9282032655017446,1.472926660030884,1.9249809190175329,1,1,13,13,1.4664687420453604,1.4664687420453604,1.9314388370030566,1.9314388370030566,0.22020400846622798,0.22020400846622798,0.337459978414553,0.337459978414553,4.6710334999988845,2026-05-30T18:09:33.863335+00:00,2026-05-30T18:09:38.533688+00:00,unknown,,1.8151963132630151,1.8151963132630151,0.3290413826718377,0.3290413826718377,0.9282032655017446,0.9282032655017446,1.8151963132636324,1.8151963132636324
representative,0,representative:alpha=0.15:beta=4e-06,47,2,1,15,0.15,4e-06,0.95,0.25,0.1,10047,10000000,10000000,100000,False,10000000,2,0.9721787640604537,1.472926660030884,1.9249809190175329,1,1,13,13,1.4664687420453604,1.4664687420453604,1.9314388370030566,1.9314388370030566,0.22020400846622798,0.22020400846622798,0.337459978414553,0.337459978414553,4.782563000000664,2026-05-30T18:09:33.864335+00:00,2026-05-30T18:09:38.646844+00:00,unknown,,1.8926913290889864,1.8539438211774064,0.3157448016095088,0.3526507432090918,0.8148053628773517,1.1295521652435556,1.9314388370030566,1.892691329089915
representative,0,representative:alpha=0.15:beta=4e-06,48,2,1,15,0.15,4e-06,0.95,0.25,0.1,10048,10000000,10000000,100000,False,10000000,1,0.9967391042923603,1.472926660030884,1.9249809190175329,1,1,13,13,1.4664687420453604,1.4664687420453604,1.9314388370030566,1.9314388370030566,0.22020400846622798,0.22020400846622798,0.337459978414553,0.337459978414553,4.779539600000135,2026-05-30T18:09:37.812601+00:00,2026-05-30T18:09:42.591860+00:00,unknown,,1.892691329091976,1.931438836999107,0.3560183248264261,0.31813691302448066,1.1582720813281557,0.8352061272565648,1.892691329089915,1.9314388370030566
representative,0,representative:alpha=0.15:beta=4e-06,49,2,1,15,0.15,4e-06,0.95,0.25,0.1,10049,10000000,10000000,100000,False,10000000,1,0.5094274288525722,1.472926660030884,1.9249809190175329,1,1,13,13,1.4664687420453604,1.4664687420453604,1.9314388370030566,1.9314388370030566,0.22020400846622798,0.22020400846622798,0.337459978414553,0.337459978414553,4.776274800002284,2026-05-30T18:09:38.232478+00:00,2026-05-30T18:09:43.009006+00:00,unknown,,1.6214587737020123,1.6214587737020123,0.27993741575461767,0.27993741575461767,0.5094274288525722,0.5094274288525722,1.6214587736979258,1.6214587736979258
representative,0,representative:alpha=0.15:beta=4e-06,50,2,1,15,0.15,4e-06,0.95,0.25,0.1,10050,10000000,10000000,100000,False,10000000,2,0.7923435193495316,1.472926660030884,1.9249809190175329,1,1,13,13,1.4664687420453604,1.4664687420453604,1.9314388370030566,1.9314388370030566,0.22020400846622798,0.22020400846622798,0.337459978414553,0.337459978414553,4.723766299997806,2026-05-30T18:09:38.317477+00:00,2026-05-30T18:09:43.041250+00:00,unknown,,1.7377012974365225,1.7377012974365225,0.31311101635982674,0.31311101635982674,0.7923435193495316,0.7923435193495316,1.776448805350491,1.776448805350491
representative,0,representative:alpha=0.15:beta=4e-06,51,2,1,15,0.15,4e-06,0.95,0.25,0.1,10051,10000000,10000000,100000,False,10000000,1,0.8708867292586706,1.472926660030884,1.9249809190175329,1,1,13,13,1.4664687420453604,1.4664687420453604,1.9314388370030566,1.9314388370030566,0.22020400846622798,0.22020400846622798,0.337459978414553,0.337459978414553,4.894584499998018,2026-05-30T18:09:38.534687+00:00,2026-05-30T18:09:43.429173+00:00,unknown,,1.7764488053508016,1.7764488053508016,0.32232067662057773,0.32232067662057773,0.8708867292586706,0.8708867292586706,1.776448805350491,1.776448805350491
representative,0,representative:alpha=0.15:beta=4e-06,52,2,1,15,0.15,4e-06,0.95,0.25,0.1,10052,10000000,10000000,100000,False,10000000,1,0.8977286616688271,1.472926660030884,1.9249809190175329,1,1,13,13,1.4664687420453604,1.4664687420453604,1.9314388370030566,1.9314388370030566,0.22020400846622798,0.22020400846622798,0.337459978414553,0.337459978414553,4.87438960000145,2026-05-30T18:09:38.582205+00:00,2026-05-30T18:09:43.456301+00:00,unknown,,1.8151963132630151,1.7764488053508016,0.30818703057962304,0.342749076301613,0.7503500431762186,1.0451072801614358,1.8151963132636324,1.776448805350491
representative,0,representative:alpha=0.15:beta=4e-06,53,2,1,15,0.15,4e-06,0.95,0.25,0.1,10053,10000000,10000000,100000,False,10000000,1,0.9938314232386942,1.472926660030884,1.9249809190175329,1,1,13,13,1.4664687420453604,1.4664687420453604,1.9314388370030566,1.9314388370030566,0.22020400846622798,0.22020400846622798,0.337459978414553,0.337459978414553,4.852713799999037,2026-05-30T18:09:38.646844+00:00,2026-05-30T18:09:43.500109+00:00,unknown,,1.892691329091976,1.892691329091976,0.3367366759632054,0.3367366759632054,0.9938314232386942,0.9938314232386942,1.892691329089915,1.892691329089915
representative,0,representative:alpha=0.15:beta=4e-06,54,2,1,15,0.15,4e-06,0.95,0.25,0.1,10054,10000000,10000000,100000,False,10000000,3,0.8916810957278174,1.472926660030884,1.9249809190175329,1,1,13,13,1.4664687420453604,1.4664687420453604,1.9314388370030566,1.9314388370030566,0.22020400846622798,0.22020400846622798,0.337459978414553,0.337459978414553,4.642581100000825,2026-05-30T18:09:42.592859+00:00,2026-05-30T18:09:47.235558+00:00,unknown,,1.8151978631643721,1.828112407551519,0.32802796326655187,0.32148991719420505,0.9195604696958471,0.8638017217597878,1.9701863449161978,1.8539438211767738
representative,0,representative:alpha=0.15:beta=4e-06,55,2,1,15,0.15,4e-06,0.95,0.25,0.1,10055,10000000,10000000,100000,False,10000000,2,0.6941602027304721,1.472926660030884,1.9249809190175329,1,1,13,13,1.4664687420453604,1.4664687420453604,1.9314388370030566,1.9314388370030566,0.22020400846622798,0.22020400846622798,0.337459978414553,0.337459978414553,4.5724541999989015,2026-05-30T18:09:43.009006+00:00,2026-05-30T18:09:47.581969+00:00,unknown,,1.7570750513927127,1.7377012974344639,0.304210541681134,0.29898633099269684,0.7164371524275299,0.6718832530334141,1.6989537895242084,1.543963757871643
representative,0,representative:alpha=0.15:beta=4e-06,56,2,1,15,0.15,4e-06,0.95,0.25,0.1,10056,10000000,10000000,100000,False,10000000,3,0.9809361493798976,1.472926660030884,1.9249809190175329,1,1,13,13,1.4664687420453604,1.4664687420453604,1.9314388370030566,1.9314388370030566,0.22020400846622798,0.22020400846622798,0.337459978414553,0.337459978414553,4.749034299999039,2026-05-30T18:09:43.042250+00:00,2026-05-30T18:09:47.790970+00:00,unknown,,1.9056074233773106,1.931439224478821,0.34718490437027416,0.32326435186801167,1.0829375763128049,0.8789347224469903,1.9314388370030566,1.9701863449161978
representative,0,representative:alpha=0.15:beta=4e-06,57,2,1,15,0.15,4e-06,0.95,0.25,0.1,10057,10000000,10000000,100000,False,10000000,3,0.7822530526161422,1.472926660030884,1.9249809190175329,1,1,13,13,1.4664687420453604,1.4664687420453604,1.9314388370030566,1.9314388370030566,0.22020400846622798,0.22020400846622798,0.337459978414553,0.337459978414553,4.630084299998998,2026-05-30T18:09:43.429173+00:00,2026-05-30T18:09:48.059563+00:00,unknown,,1.7893645121632185,1.7506177792014153,0.29963118809229705,0.32422450969924665,0.6773828203465702,0.8871232848857142,1.776448805350491,1.8151963132636324
representative,0,representative:alpha=0.15:beta=4e-06,58,2,1,15,0.15,4e-06,0.95,0.25,0.1,10058,10000000,10000000,100000,False,10000000,2,0.7339122151134598,1.472926660030884,1.9249809190175329,1,1,13,13,1.4664687420453604,1.4664687420453604,1.9314388370030566,1.9314388370030566,0.22020400846622798,0.22020400846622798,0.337459978414553,0.337459978414553,4.640278599999874,2026-05-30T18:09:43.456831+00:00,2026-05-30T18:09:48.096564+00:00,unknown,,1.7183275434802208,1.7764488053508016,0.3228484157772537,0.28967077843530725,0.8753874737146549,0.5924369565122649,1.8539438211767738,1.776448805350491
representative,0,representative:alpha=0.15:beta=4e-06,59,2,1,15,0.15,4e-06,0.95,0.25,0.1,10059,10000000,10000000,100000,False,10000000,2,0.9898794691081229,1.472926660030884,1.9249809190175329,1,1,13,13,1.4664687420453604,1.4664687420453604,1.9314388370030566,1.9314388370030566,0.22020400846622798,0.22020400846622798,0.337459978414553,0.337459978414553,4.689203400001134,2026-05-30T18:09:43.500627+00:00,2026-05-30T18:09:48.189562+00:00,unknown,,1.8926913290889864,1.9120650830455561,0.34543772728247296,0.32710884421439496,1.0680370378705304,0.9117219003457153,1.9314388370030566,1.892691329089915
representative,0,representative:alpha=0.15:beta=4e-06,60,2,1,15,0.15,4e-06,0.95,0.25,0.1,10060,10000000,10000000,100000,False,10000000,3,0.8138118088336938,1.472926660030884,1.9249809190175329,1,1,13,13,1.4664687420453604,1.4664687420453604,1.9314388370030566,1.9314388370030566,0.22020400846622798,0.22020400846622798,0.337459978414553,0.337459978414553,4.737371399998665,2026-05-30T18:09:47.235558+00:00,2026-05-30T18:09:51.972733+00:00,unknown,,1.7506177791996063,1.7506170042505311,0.3151319036096915,0.3161246993231557,0.8095783539661007,0.8180452637012868,1.8151963132636324,1.7377012974373498
representative,0,representative:alpha=0.15:beta=4e-06,61,2,1,15,0.15,4e-06,0.95,0.25,0.1,10061,10000000,10000000,100000,False,10000000,2,0.8044270482062081,1.472926660030884,1.9249809190175329,1,1,13,13,1.4664687420453604,1.4664687420453604,1.9314388370030566,1.9314388370030566,0.22020400846622798,0.22020400846622798,0.337459978414553,0.337459978414553,4.756305499999144,2026-05-30T18:09:47.581969+00:00,2026-05-30T18:09:52.338901+00:00,unknown,,1.7570750513927127,1.7377012974378705,0.3055436494392716,0.32351211507335825,0.7278063625302233,0.8810477338821929,1.8151963132636324,1.7377012974373498
representative,0,representative:alpha=0.15:beta=4e-06,62,2,1,15,0.15,4e-06,0.95,0.25,0.1,10062,10000000,10000000,100000,False,10000000,1,0.7820480516535492,1.472926660030884,1.9249809190175329,1,1,13,13,1.4664687420453604,1.4664687420453604,1.9314388370030566,1.9314388370030566,0.22020400846622798,0.22020400846622798,0.337459978414553,0.337459978414553,4.846186200000375,2026-05-30T18:09:47.790970+00:00,2026-05-30T18:09:52.637023+00:00,unknown,,1.7764488053508016,1.6989537895224467,0.2800707849008614,0.34373683771726393,0.5105648476663223,1.053531255640776,1.776448805350491,1.6989537895242084
representative,0,representative:alpha=0.15:beta=4e-06,63,2,1,15,0.15,4e-06,0.95,0.25,0.1,10063,10000000,10000000,100000,False,10000000,1,0.9282032655017446,1.472926660030884,1.9249809190175329,1,1,13,13,1.4664687420453604,1.4664687420453604,1.9314388370030566,1.9314388370030566,0.22020400846622798,0.22020400846622798,0.337459978414553,0.337459978414553,4.753405299998121,2026-05-30T18:09:48.059563+00:00,2026-05-30T18:09:52.813536+00:00,unknown,,1.8151963132630151,1.8151963132630151,0.3290413826718377,0.3290413826718377,0.9282032655017446,0.9282032655017446,1.8151963132636324,1.8151963132636324
representative,0,representative:alpha=0.15:beta=4e-06,64,2,1,15,0.15,4e-06,0.95,0.25,0.1,10064,10000000,10000000,100000,False,10000000,1,0.5594173234150315,1.472926660030884,1.9249809190175329,1,1,13,13,1.4664687420453604,1.4664687420453604,1.9314388370030566,1.9314388370030566,0.22020400846622798,0.22020400846622798,0.337459978414553,0.337459978414553,4.777165300001798,2026-05-30T18:09:48.097563+00:00,2026-05-30T18:09:52.874536+00:00,unknown,,1.660206281609674,1.6214587737020123,0.2723040287794014,0.29929402987890524,0.44432722987267964,0.6745074169573833,1.660206281611067,1.6214587736979258
representative,0,representative:alpha=0.15:beta=4e-06,65,2,1,15,0.15,4e-06,0.95,0.25,0.1,10065,10000000,10000000,100000,False,10000000,1,0.7989537912756846,1.472926660030884,1.9249809190175329,1,1,13,13,1.4664687420453604,1.4664687420453604,1.9314388370030566,1.9314388370030566,0.22020400846622798,0.22020400846622798,0.337459978414553,0.337459978414553,4.843498199999885,2026-05-30T18:09:48.189562+00:00,2026-05-30T18:09:53.033537+00:00,unknown,,1.7377012974378705,1.7377012974378705,0.31388611020615,0.31388611020615,0.7989537912756846,0.7989537912756846,1.7377012974373498,1.7377012974373498
representative,0,representative:alpha=0.15:beta=4e-06,66,2,1,15,0.15,4e-06,0.95,0.25,0.1,10066,10000000,10000000,100000,False,10000000,1,0.7535421758570068,1.472926660030884,1.9249809190175329,1,1,13,13,1.4664687420453604,1.4664687420453604,1.9314388370030566,1.9314388370030566,0.22020400846622798,0.22020400846622798,0.337459978414553,0.337459978414553,4.739252999999735,2026-05-30T18:09:51.973732+00:00,2026-05-30T18:09:56.712654+00:00,unknown,,1.7377012974378705,1.6989537895224467,0.29298672445938073,0.3241359299272445,0.6207165061636373,0.8863678455503763,1.7377012974373498,1.6989537895242084
representative,0,representative:alpha=0.15:beta=4e-06,67,2,1,15,0.15,4e-06,0.95,0.25,0.1,10067,10000000,10000000,100000,False,10000000,1,0.9282032655017446,1.472926660030884,1.9249809190175329,1,1,13,13,1.4664687420453604,1.4664687420453604,1.9314388370030566,1.9314388370030566,0.22020400846622798,0.22020400846622798,0.337459978414553,0.337459978414553,4.7154217999996035,2026-05-30T18:09:52.338901+00:00,2026-05-30T18:09:57.054018+00:00,unknown,,1.8151963132630151,1.8151963132630151,0.3290413826718377,0.3290413826718377,0.9282032655017446,0.9282032655017446,1.8151963132636324,1.8151963132636324
representative,0,representative:alpha=0.15:beta=4e-06,68,2,1,15,0.15,4e-06,0.95,0.25,0.1,10068,10000000,10000000,100000,False,10000000,1,0.8325800850729831,1.472926660030884,1.9249809190175329,1,1,13,13,1.4664687420453604,1.4664687420453604,1.9314388370030566,1.9314388370030566,0.22020400846622798,0.22020400846622798,0.337459978414553,0.337459978414553,4.793362699998397,2026-05-30T18:09:52.638024+00:00,2026-05-30T18:09:57.431266+00:00,unknown,,1.7377012974378705,1.7764488053508016,0.33430925737502404,0.3013487304272151,0.9731295469141785,0.6920306232317877,1.7377012974373498,1.776448805350491
representative,0,representative:alpha=0.15:beta=4e-06,69,2,1,15,0.15,4e-06,0.95,0.25,0.1,10069,10000000,10000000,100000,False,10000000,1,0.7820480516535492,1.472926660030884,1.9249809190175329,1,1,13,13,1.4664687420453604,1.4664687420453604,1.9314388370030566,1.9314388370030566,0.22020400846622798,0.22020400846622798,0.337459978414553,0.337459978414553,4.7753639000002295,2026-05-30T18:09:52.813536+00:00,2026-05-30T18:09:57.588264+00:00,unknown,,1.7764488053508016,1.6989537895224467,0.2800707849008614,0.34373683771726393,0.5105648476663223,1.053531255640776,1.776448805350491,1.6989537895242084
representative,0,representative:alpha=0.15:beta=4e-06,70,2,1,15,0.15,4e-06,0.95,0.25,0.1,10070,10000000,10000000,100000,False,10000000,1,0.9938314232386942,1.472926660030884,1.9249809190175329,1,1,13,13,1.4664687420453604,1.4664687420453604,1.9314388370030566,1.9314388370030566,0.22020400846622798,0.22020400846622798,0.337459978414553,0.337459978414553,4.679334100001142,2026-05-30T18:09:52.874536+00:00,2026-05-30T18:09:57.554266+00:00,unknown,,1.892691329091976,1.892691329091976,0.3367366759632054,0.3367366759632054,0.9938314232386942,0.9938314232386942,1.892691329089915,1.892691329089915
representative,0,representative:alpha=0.15:beta=4e-06,71,2,1,15,0.15,4e-06,0.95,0.25,0.1,10071,10000000,10000000,100000,False,10000000,1,0.8003272096734857,1.472926660030884,1.9249809190175329,1,1,13,13,1.4664687420453604,1.4664687420453604,1.9314388370030566,1.9314388370030566,0.22020400846622798,0.22020400846622798,0.337459978414553,0.337459978414553,4.767938900000445,2026-05-30T18:09:53.033537+00:00,2026-05-30T18:09:57.801290+00:00,unknown,,1.8151963132630151,1.6989537895224467,0.26558338013632404,0.362510923288734,0.3870111832267036,1.2136432361202678,1.8151963132636324,1.6989537895242084
representative,0,representative:alpha=0.15:beta=4e-06,72,2,1,15,0.15,4e-06,0.95,0.25,0.1,10072,10000000,10000000,100000,False,10000000,1,0.7820480516535492,1.472926660030884,1.9249809190175329,1,1,13,13,1.4664687420453604,1.4664687420453604,1.9314388370030566,1.9314388370030566,0.22020400846622798,0.22020400846622798,0.337459978414553,0.337459978414553,5.3589780000002065,2026-05-30T18:09:56.713181+00:00,2026-05-30T18:10:02.071667+00:00,unknown,,1.6989537895224467,1.7764488053508016,0.34373683771726393,0.2800707849008614,1.053531255640776,0.5105648476663223,1.6989537895242084,1.776448805350491
representative,0,representative:alpha=0.15:beta=4e-06,73,2,1,15,0.15,4e-06,0.95,0.25,0.1,10073,10000000,10000000,100000,False,10000000,1,0.9476184238284344,1.472926660030884,1.9249809190175329,1,1,13,13,1.4664687420453604,1.4664687420453604,1.9314388370030566,1.9314388370030566,0.22020400846622798,0.22020400846622798,0.337459978414553,0.337459978414553,5.239991300000838,2026-05-30T18:09:57.055017+00:00,2026-05-30T18:10:02.294695+00:00,unknown,,1.853943821178618,1.8151963132630151,0.3133526901945411,0.3492831615917269,0.7944045984981742,1.1008322491586946,1.8539438211767738,1.8151963132636324
representative,0,representative:alpha=0.15:beta=4e-06,74,2,1,15,0.15,4e-06,0.95,0.25,0.1,10074,10000000,10000000,100000,False,10000000,1,0.7820480516535492,1.472926660030884,1.9249809190175329,1,1,13,13,1.4664687420453604,1.4664687420453604,1.9314388370030566,1.9314388370030566,0.22020400846622798,0.22020400846622798,0.337459978414553,0.337459978414553,5.400752100002137,2026-05-30T18:09:57.431266+00:00,2026-05-30T18:10:02.831691+00:00,unknown,,1.7764488053508016,1.6989537895224467,0.2800707849008614,0.34373683771726393,0.5105648476663223,1.053531255640776,1.776448805350491,1.6989537895242084
representative,0,representative:alpha=0.15:beta=4e-06,75,2,1,15,0.15,4e-06,0.95,0.25,0.1,10075,10000000,10000000,100000,False,10000000,1,0.6620232201649494,1.472926660030884,1.9249809190175329,1,1,13,13,1.4664687420453604,1.4664687420453604,1.9314388370030566,1.9314388370030566,0.22020400846622798,0.22020400846622798,0.337459978414553,0.337459978414553,5.519148600000335,2026-05-30T18:09:57.554266+00:00,2026-05-30T18:10:03.073689+00:00,unknown,,1.6989537895224467,1.660206281609674,0.2832544516968483,0.312405914853117,0.5377162737079129,0.786330166621986,1.6989537895242084,1.660206281611067
representative,0,representative:alpha=0.15:beta=4e-06,76,2,1,15,0.15,4e-06,0.95,0.25,0.1,10076,10000000,10000000,100000,False,10000000,1,0.8977286616688271,1.472926660030884,1.9249809190175329,1,1,13,13,1.4664687420453604,1.4664687420453604,1.9314388370030566,1.9314388370030566,0.22020400846622798,0.22020400846622798,0.337459978414553,0.337459978414553,5.351783400001295,2026-05-30T18:09:57.589265+00:00,2026-05-30T18:10:02.940692+00:00,unknown,,1.8151963132630151,1.7764488053508016,0.30818703057962304,0.342749076301613,0.7503500431762186,1.0451072801614358,1.8151963132636324,1.776448805350491
representative,0,representative:alpha=0.15:beta=4e-06,77,2,1,15,0.15,4e-06,0.95,0.25,0.1,10077,10000000,10000000,100000,False,10000000,2,0.8682313870492094,1.472926660030884,1.9249809190175329,1,1,13,13,1.4664687420453604,1.4664687420453604,1.9314388370030566,1.9314388370030566,0.22020400846622798,0.22020400846622798,0.337459978414553,0.337459978414553,5.301791499998217,2026-05-30T18:09:57.802290+00:00,2026-05-30T18:10:03.103690+00:00,unknown,,1.7958225593082293,1.7958225593082293,0.3220093218942626,0.3220093218942626,0.8682313870492094,0.8682313870492094,1.8539438211767738,1.7377012974373498
representative,0,representative:alpha=0.15:beta=4e-06,78,2,1,15,0.15,4e-06,0.95,0.25,0.1,10078,10000000,10000000,100000,False,10000000,1,0.8708867292586706,1.472926660030884,1.9249809190175329,1,1,13,13,1.4664687420453604,1.4664687420453604,1.9314388370030566,1.9314388370030566,0.22020400846622798,0.22020400846622798,0.337459978414553,0.337459978414553,4.847625200000039,2026-05-30T18:10:02.072666+00:00,2026-05-30T18:10:06.920045+00:00,unknown,,1.7764488053508016,1.7764488053508016,0.32232067662057773,0.32232067662057773,0.8708867292586706,0.8708867292586706,1.776448805350491,1.776448805350491
representative,0,representative:alpha=0.15:beta=4e-06,79,2,1,15,0.15,4e-06,0.95,0.25,0.1,10079,10000000,10000000,100000,False,10000000,4,0.7978698491678395,1.472926660030884,1.9249809190175329,1,1,13,13,1.4664687420453604,1.4664687420453604,1.9314388370030566,1.9314388370030566,0.22020400846622798,0.22020400846622798,0.337459978414553,0.337459978414553,4.971985099997255,2026-05-30T18:10:02.295694+00:00,2026-05-30T18:10:07.267085+00:00,unknown,,1.7667619283716451,1.7570750513954816,0.3115654050287052,0.31595261801714836,0.7791620043119376,0.8165776940237415,1.6989537895242084,1.8539438211767738
representative,0,representative:alpha=0.15:beta=4e-06,80,2,1,15,0.15,4e-06,0.95,0.25,0.1,10080,10000000,10000000,100000,False,10000000,1,0.7535421758570068,1.472926660030884,1.9249809190175329,1,1,13,13,1.4664687420453604,1.4664687420453604,1.9314388370030566,1.9314388370030566,0.22020400846622798,0.22020400846622798,0.337459978414553,0.337459978414553,5.031116499998461,2026-05-30T18:10:02.832692+00:00,2026-05-30T18:10:07.863511+00:00,unknown,,1.6989537895224467,1.7377012974378705,0.3241359299272445,0.29298672445938073,0.8863678455503763,0.6207165061636373,1.6989537895242084,1.7377012974373498
representative,0,representative:alpha=0.15:beta=4e-06,81,2,1,15,0.15,4e-06,0.95,0.25,0.1,10081,10000000,10000000,100000,False,10000000,2,0.9226735427485049,1.472926660030884,1.9249809190175329,1,1,13,13,1.4664687420453604,1.4664687420453604,1.9314388370030566,1.9314388370030566,0.22020400846622798,0.22020400846622798,0.337459978414553,0.337459978414553,4.976504099999147,2026-05-30T18:10:02.940692+00:00,2026-05-30T18:10:07.918119+00:00,unknown,,1.8345700672207232,1.7958225593069517,0.3107698603870811,0.3460161189466414,0.7723773208371881,1.0729697646598217,1.8539438211767738,1.8151963132636324
representative,0,representative:alpha=0.15:beta=4e-06,82,2,1,15,0.15,4e-06,0.95,0.25,0.1,10082,10000000,10000000,100000,False,10000000,1,0.8553119205542403,1.472926660030884,1.9249809190175329,1,1,13,13,1.4664687420453604,1.4664687420453604,1.9314388370030566,1.9314388370030566,0.22020400846622798,0.22020400846622798,0.337459978414553,0.337459978414553,4.943854900000588,2026-05-30T18:10:03.073689+00:00,2026-05-30T18:10:08.017266+00:00,unknown,,1.8151963132630151,1.7377012974378705,0.2869513689513695,0.35403750568699077,0.5692448795106745,1.1413789615978063,1.8151963132636324,1.7377012974373498
representative,0,representative:alpha=0.15:beta=4e-06,83,2,1,15,0.15,4e-06,0.95,0.25,0.1,10083,10000000,10000000,100000,False,10000000,1,0.9476184238284344,1.472926660030884,1.9249809190175329,1,1,13,13,1.4664687420453604,1.4664687420453604,1.9314388370030566,1.9314388370030566,0.22020400846622798,0.22020400846622798,0.337459978414553,0.337459978414553,5.065294600000925,2026-05-30T18:10:03.103690+00:00,2026-05-30T18:10:08.169701+00:00,unknown,,1.8151963132630151,1.853943821178618,0.3492831615917269,0.3133526901945411,1.1008322491586946,0.7944045984981742,1.8151963132636324,1.8539438211767738
representative,0,representative:alpha=0.15:beta=4e-06,84,2,1,15,0.15,4e-06,0.95,0.25,0.1,10084,10000000,10000000,100000,False,10000000,1,0.7535421758570068,1.472926660030884,1.9249809190175329,1,1,13,13,1.4664687420453604,1.4664687420453604,1.9314388370030566,1.9314388370030566,0.22020400846622798,0.22020400846622798,0.337459978414553,0.337459978414553,4.69448679999914,2026-05-30T18:10:06.920045+00:00,2026-05-30T18:10:11.614548+00:00,unknown,,1.6989537895224467,1.7377012974378705,0.3241359299272445,0.29298672445938073,0.8863678455503763,0.6207165061636373,1.6989537895242084,1.7377012974373498
representative,0,representative:alpha=0.15:beta=4e-06,85,2,1,15,0.15,4e-06,0.95,0.25,0.1,10085,10000000,10000000,100000,False,10000000,2,0.9390997538931212,1.472926660030884,1.9249809190175329,1,1,13,13,1.4664687420453604,1.4664687420453604,1.9314388370030566,1.9314388370030566,0.22020400846622798,0.22020400846622798,0.337459978414553,0.337459978414553,4.766085900002508,2026-05-30T18:10:07.267085+00:00,2026-05-30T18:10:12.033548+00:00,unknown,,1.8539438211774064,1.834570067221381,0.32198896778080044,0.338649154193598,0.868057800037212,1.0101417077490302,1.892691329089915,1.776448805350491
representative,0,representative:alpha=0.15:beta=4e-06,86,2,1,15,0.15,4e-06,0.95,0.25,0.1,10086,10000000,10000000,100000,False,10000000,1,0.8708867292586706,1.472926660030884,1.9249809190175329,1,1,13,13,1.4664687420453604,1.4664687420453604,1.9314388370030566,1.9314388370030566,0.22020400846622798,0.22020400846622798,0.337459978414553,0.337459978414553,4.777009500001441,2026-05-30T18:10:07.864510+00:00,2026-05-30T18:10:12.641483+00:00,unknown,,1.7764488053508016,1.7764488053508016,0.32232067662057773,0.32232067662057773,0.8708867292586706,0.8708867292586706,1.776448805350491,1.776448805350491
representative,0,representative:alpha=0.15:beta=4e-06,87,2,1,15,0.15,4e-06,0.95,0.25,0.1,10087,10000000,10000000,100000,False,10000000,1,0.8708867292586706,1.472926660030884,1.9249809190175329,1,1,13,13,1.4664687420453604,1.4664687420453604,1.9314388370030566,1.9314388370030566,0.22020400846622798,0.22020400846622798,0.337459978414553,0.337459978414553,4.738545799998974,2026-05-30T18:10:07.918119+00:00,2026-05-30T18:10:12.656484+00:00,unknown,,1.7764488053508016,1.7764488053508016,0.32232067662057773,0.32232067662057773,0.8708867292586706,0.8708867292586706,1.776448805350491,1.776448805350491
representative,0,representative:alpha=0.15:beta=4e-06,88,2,1,15,0.15,4e-06,0.95,0.25,0.1,10088,10000000,10000000,100000,False,10000000,1,0.9476184238284344,1.472926660030884,1.9249809190175329,1,1,13,13,1.4664687420453604,1.4664687420453604,1.9314388370030566,1.9314388370030566,0.22020400846622798,0.22020400846622798,0.337459978414553,0.337459978414553,4.663186099998711,2026-05-30T18:10:08.018264+00:00,2026-05-30T18:10:12.681482+00:00,unknown,,1.8151963132630151,1.853943821178618,0.3492831615917269,0.3133526901945411,1.1008322491586946,0.7944045984981742,1.8151963132636324,1.8539438211767738
representative,0,representative:alpha=0.15:beta=4e-06,89,2,1,15,0.15,4e-06,0.95,0.25,0.1,10089,10000000,10000000,100000,False,10000000,4,0.9336817575995,1.472926660030884,1.9249809190175329,1,1,13,13,1.4664687420453604,1.4664687420453604,1.9314388370030566,1.9314388370030566,0.22020400846622798,0.22020400846622798,0.337459978414553,0.337459978414553,4.7649348999984795,2026-05-30T18:10:08.169701+00:00,2026-05-30T18:10:12.934484+00:00,unknown,,1.8345700672209515,1.8926913290904666,0.3562600148549465,0.303107522298282,1.160333298583251,0.707030216615749,1.8151963132636324,1.9701863449161978
representative,0,representative:alpha=0.15:beta=4e-06,90,2,1,15,0.15,4e-06,0.95,0.25,0.1,10090,10000000,10000000,100000,False,10000000,1,0.6168339746191002,1.472926660030884,1.9249809190175329,1,1,13,13,1.4664687420453604,1.4664687420453604,1.9314388370030566,1.9314388370030566,0.22020400846622798,0.22020400846622798,0.337459978414553,0.337459978414553,4.641181099999812,2026-05-30T18:10:11.615550+00:00,2026-05-30T18:10:16.256348+00:00,unknown,,1.660206281609674,1.660206281609674,0.29253147445727107,0.29253147445727107,0.6168339746191002,0.6168339746191002,1.660206281611067,1.660206281611067
representative,0,representative:alpha=0.15:beta=4e-06,91,2,1,15,0.15,4e-06,0.95,0.25,0.1,10091,10000000,10000000,100000,False,10000000,1,0.994058599836574,1.472926660030884,1.9249809190175329,1,1,13,13,1.4664687420453604,1.4664687420453604,1.9314388370030566,1.9314388370030566,0.22020400846622798,0.22020400846622798,0.337459978414553,0.337459978414553,4.811847000000853,2026-05-30T18:10:12.033548+00:00,2026-05-30T18:10:16.845855+00:00,unknown,,1.9701863449203258,1.931438836999107,0.3175495622783793,0.35597706527269934,0.8301969942771508,1.1579202053959972,1.9701863449161978,1.9314388370030566
representative,0,representative:alpha=0.15:beta=4e-06,92,2,1,15,0.15,4e-06,0.95,0.25,0.1,10092,10000000,10000000,100000,False,10000000,1,1.0000000000011546,1.472926660030884,1.9249809190175329,1,1,13,13,1.4664687420453604,1.4664687420453604,1.9314388370030566,1.9314388370030566,0.22020400846622798,0.22020400846622798,0.337459978414553,0.337459978414553,4.895637499997974,2026-05-30T18:10:12.641483+00:00,2026-05-30T18:10:17.537606+00:00,unknown,,1.931438836999107,1.931438836999107,0.3374599784146884,0.3374599784146884,1.0000000000011546,1.0000000000011546,1.9314388370030566,1.9314388370030566
representative,0,representative:alpha=0.15:beta=4e-06,93,2,1,15,0.15,4e-06,0.95,0.25,0.1,10093,10000000,10000000,100000,False,10000000,1,0.9809839251393688,1.472926660030884,1.9249809190175329,1,1,13,13,1.4664687420453604,1.4664687420453604,1.9314388370030566,1.9314388370030566,0.22020400846622798,0.22020400846622798,0.337459978414553,0.337459978414553,5.038596599999437,2026-05-30T18:10:12.656484+00:00,2026-05-30T18:10:17.695609+00:00,unknown,,1.892691329091976,1.853943821178618,0.3167084369424495,0.35375202328186994,0.8230235826691915,1.138944267609546,1.892691329089915,1.8539438211767738
representative,0,representative:alpha=0.15:beta=4e-06,94,2,1,15,0.15,4e-06,0.95,0.25,0.1,10094,10000000,10000000,100000,False,10000000,1,0.7989537912756846,1.472926660030884,1.9249809190175329,1,1,13,13,1.4664687420453604,1.4664687420453604,1.9314388370030566,1.9314388370030566,0.22020400846622798,0.22020400846622798,0.337459978414553,0.337459978414553,4.975734799998463,2026-05-30T18:10:12.681482+00:00,2026-05-30T18:10:17.657606+00:00,unknown,,1.7377012974378705,1.7377012974378705,0.31388611020615,0.31388611020615,0.7989537912756846,0.7989537912756846,1.7377012974373498,1.7377012974373498
representative,0,representative:alpha=0.15:beta=4e-06,95,2,1,15,0.15,4e-06,0.95,0.25,0.1,10095,10000000,10000000,100000,False,10000000,1,0.7535421758570068,1.472926660030884,1.9249809190175329,1,1,13,13,1.4664687420453604,1.4664687420453604,1.9314388370030566,1.9314388370030566,0.22020400846622798,0.22020400846622798,0.337459978414553,0.337459978414553,5.027652400000079,2026-05-30T18:10:12.935484+00:00,2026-05-30T18:10:17.962635+00:00,unknown,,1.6989537895224467,1.7377012974378705,0.3241359299272445,0.29298672445938073,0.8863678455503763,0.6207165061636373,1.6989537895242084,1.7377012974373498
representative,0,representative:alpha=0.15:beta=4e-06,96,2,1,15,0.15,4e-06,0.95,0.25,0.1,10096,10000000,10000000,100000,False,10000000,1,0.7535421758570068,1.472926660030884,1.9249809190175329,1,1,13,13,1.4664687420453604,1.4664687420453604,1.9314388370030566,1.9314388370030566,0.22020400846622798,0.22020400846622798,0.337459978414553,0.337459978414553,5.164291400000366,2026-05-30T18:10:16.256348+00:00,2026-05-30T18:10:21.420998+00:00,unknown,,1.7377012974378705,1.6989537895224467,0.29298672445938073,0.3241359299272445,0.6207165061636373,0.8863678455503763,1.7377012974373498,1.6989537895242084
representative,0,representative:alpha=0.15:beta=4e-06,97,2,1,15,0.15,4e-06,0.95,0.25,0.1,10097,10000000,10000000,100000,False,10000000,1,1.0000000000011546,1.472926660030884,1.9249809190175329,1,1,13,13,1.4664687420453604,1.4664687420453604,1.9314388370030566,1.9314388370030566,0.22020400846622798,0.22020400846622798,0.337459978414553,0.337459978414553,5.10587250000026,2026-05-30T18:10:16.845855+00:00,2026-05-30T18:10:21.952607+00:00,unknown,,1.931438836999107,1.931438836999107,0.3374599784146884,0.3374599784146884,1.0000000000011546,1.0000000000011546,1.9314388370030566,1.9314388370030566
representative,0,representative:alpha=0.15:beta=4e-06,98,2,1,15,0.15,4e-06,0.95,0.25,0.1,10098,10000000,10000000,100000,False,10000000,2,0.9888615147158335,1.472926660030884,1.9249809190175329,1,1,13,13,1.4664687420453604,1.4664687420453604,1.9314388370030566,1.9314388370030566,0.22020400846622798,0.22020400846622798,0.337459978414553,0.337459978414553,5.019966399999248,2026-05-30T18:10:17.537606+00:00,2026-05-30T18:10:22.557427+00:00,unknown,,1.9120650830455561,1.8733175751353446,0.3174226749834632,0.3548851740541426,0.8291148549628623,1.1486081744688048,1.892691329089915,1.8539438211767738
representative,0,representative:alpha=0.15:beta=4e-06,99,2,1,15,0.15,4e-06,0.95,0.25,0.1,10099,10000000,10000000,100000,False,10000000,1,0.9282032655017446,1.472926660030884,1.9249809190175329,1,1,13,13,1.4664687420453604,1.4664687420453604,1.9314388370030566,1.9314388370030566,0.22020400846622798,0.22020400846622798,0.337459978414553,0.337459978414553,4.990909500000271,2026-05-30T18:10:17.657606+00:00,2026-05-30T18:10:22.648775+00:00,unknown,,1.8151963132630151,1.8151963132630151,0.3290413826718377,0.3290413826718377,0.9282032655017446,0.9282032655017446,1.8151963132636324,1.8151963132636324
