alpha_0,alpha_1,benchmarks,beta_0,beta_1,condition,converged,delta_0,delta_1,detected_cycle_length,distance_to_monopoly_price,distance_to_nash_price,eval_periods,final_avg_price_oracle,final_avg_price_victim,final_avg_profit_oracle,final_avg_profit_victim,final_market_price_mean,final_profit_asymmetry,final_profit_gain_oracle,final_profit_gain_victim,m,market_config,max_periods,periods_to_convergence,seed,out_dir
0.03,0.15,"{'p_m': 1.9249809190175329, 'p_n': 1.472926660030884, 'pi_m': [0.337459978414553, 0.337459978414553], 'pi_n': [0.22020400846622798, 0.22020400846622798]}",4e-06,4e-06,alpha_o0.03_v0.15,False,0.95,0.95,2,0.3132148344242214,0.1388394245624276,10000,1.6020811449903356,1.6214510241962874,0.2792673238170523,0.25795305458357826,1.6117660845933115,0.02131426923347407,0.5037126499985773,0.32193709313040836,15,"{'costs': None, 'demand_scale': 1.0, 'm': 15, 'mu': 0.25, 'n': 2, 'outside_quality': 0.0, 'qualities': None, 'xi': 0.1}",100000,100000,0,C:\Users\я\Documents\RLpricewars\results\long_matrix_100k_plus\block2_tabular_heterogeneity_100k\alpha_o0.03_v0.15\seed_0
0.03,0.15,"{'p_m': 1.9249809190175329, 'p_n': 1.472926660030884, 'pi_m': [0.337459978414553, 0.337459978414553], 'pi_n': [0.22020400846622798, 0.22020400846622798]}",4e-06,4e-06,alpha_o0.03_v0.15,False,0.95,0.95,4,0.3471034048451307,0.10495085414151828,10000,1.5633452613295635,1.5924097670152408,0.2722440143844105,0.25443787922371053,1.5778775141724022,0.017806135160699954,0.44381540608223746,0.29195844589038406,15,"{'costs': None, 'demand_scale': 1.0, 'm': 15, 'mu': 0.25, 'n': 2, 'outside_quality': 0.0, 'qualities': None, 'xi': 0.1}",100000,100000,1,C:\Users\я\Documents\RLpricewars\results\long_matrix_100k_plus\block2_tabular_heterogeneity_100k\alpha_o0.03_v0.15\seed_1
0.03,0.15,"{'p_m': 1.9249809190175329, 'p_n': 1.472926660030884, 'pi_m': [0.337459978414553, 0.337459978414553], 'pi_n': [0.22020400846622798, 0.22020400846622798]}",4e-06,4e-06,alpha_o0.03_v0.15,False,0.95,0.95,2,0.361649219315733,0.09040503967091595,10000,1.6214510241961457,1.505212375207454,0.21997648159774516,0.2824931525445712,1.5633316997017999,-0.06251667094682603,-0.0019404288633072648,0.5312236477664565,15,"{'costs': None, 'demand_scale': 1.0, 'm': 15, 'mu': 0.25, 'n': 2, 'outside_quality': 0.0, 'qualities': None, 'xi': 0.1}",100000,100000,2,C:\Users\я\Documents\RLpricewars\results\long_matrix_100k_plus\block2_tabular_heterogeneity_100k\alpha_o0.03_v0.15\seed_2
0.03,0.15,"{'p_m': 1.9249809190175329, 'p_n': 1.472926660030884, 'pi_m': [0.337459978414553, 0.337459978414553], 'pi_n': [0.22020400846622798, 0.22020400846622798]}",4e-06,4e-06,alpha_o0.03_v0.15,False,0.95,0.95,1,0.38097453888736243,0.07107972009928654,10000,1.5439792568746313,1.5440335033857098,0.2517077956620559,0.25166974811129866,1.5440063801301704,3.804755075725863e-05,0.26867533661366444,0.26835085376836426,15,"{'costs': None, 'demand_scale': 1.0, 'm': 15, 'mu': 0.25, 'n': 2, 'outside_quality': 0.0, 'qualities': None, 'xi': 0.1}",100000,100000,3,C:\Users\я\Documents\RLpricewars\results\long_matrix_100k_plus\block2_tabular_heterogeneity_100k\alpha_o0.03_v0.15\seed_3
0.03,0.15,"{'p_m': 1.9249809190175329, 'p_n': 1.472926660030884, 'pi_m': [0.337459978414553, 0.337459978414553], 'pi_n': [0.22020400846622798, 0.22020400846622798]}",4e-06,4e-06,alpha_o0.03_v0.15,False,0.95,0.95,4,0.3858605996352631,0.06619365935138588,10000,1.5730243888062942,1.5052162499582453,0.22931726290943638,0.2644358109208959,1.5391203193822698,-0.03511854801145953,0.07772102731506664,0.3772243108317725,15,"{'costs': None, 'demand_scale': 1.0, 'm': 15, 'mu': 0.25, 'n': 2, 'outside_quality': 0.0, 'qualities': None, 'xi': 0.1}",100000,100000,4,C:\Users\я\Documents\RLpricewars\results\long_matrix_100k_plus\block2_tabular_heterogeneity_100k\alpha_o0.03_v0.15\seed_4
0.03,0.15,"{'p_m': 1.9249809190175329, 'p_n': 1.472926660030884, 'pi_m': [0.337459978414553, 0.337459978414553], 'pi_n': [0.22020400846622798, 0.22020400846622798]}",4e-06,4e-06,alpha_o0.03_v0.15,False,0.95,0.95,4,0.32289008715018985,0.12916417183645912,10000,1.602085019741127,1.6020966439935589,0.2707869117836324,0.25767058778799895,1.602090831867343,0.01311632399563345,0.43138872451182164,0.3195281173170337,15,"{'costs': None, 'demand_scale': 1.0, 'm': 15, 'mu': 0.25, 'n': 2, 'outside_quality': 0.0, 'qualities': None, 'xi': 0.1}",100000,100000,5,C:\Users\я\Documents\RLpricewars\results\long_matrix_100k_plus\block2_tabular_heterogeneity_100k\alpha_o0.03_v0.15\seed_5
0.03,0.15,"{'p_m': 1.9249809190175329, 'p_n': 1.472926660030884, 'pi_m': [0.337459978414553, 0.337459978414553], 'pi_n': [0.22020400846622798, 0.22020400846622798]}",4e-06,4e-06,alpha_o0.03_v0.15,False,0.95,0.95,5,0.3732676595634947,0.07878659942315425,10000,1.5672122626193283,1.5362142562887482,0.24470615511467766,0.25856273245838357,1.5517132594540382,-0.013856577343705906,0.20896289254396036,0.32713663968717643,15,"{'costs': None, 'demand_scale': 1.0, 'm': 15, 'mu': 0.25, 'n': 2, 'outside_quality': 0.0, 'qualities': None, 'xi': 0.1}",100000,100000,6,C:\Users\я\Documents\RLpricewars\results\long_matrix_100k_plus\block2_tabular_heterogeneity_100k\alpha_o0.03_v0.15\seed_6
0.03,0.15,"{'p_m': 1.9249809190175329, 'p_n': 1.472926660030884, 'pi_m': [0.337459978414553, 0.337459978414553], 'pi_n': [0.22020400846622798, 0.22020400846622798]}",4e-06,4e-06,alpha_o0.03_v0.15,False,0.95,0.95,4,0.3519565302112295,0.10009772877541945,10000,1.5536506348496817,1.592398142762925,0.2734262176696721,0.24748366471688363,1.5730243888063034,0.025942552952788495,0.45389764996101517,0.2326504677133101,15,"{'costs': None, 'demand_scale': 1.0, 'm': 15, 'mu': 0.25, 'n': 2, 'outside_quality': 0.0, 'qualities': None, 'xi': 0.1}",100000,100000,7,C:\Users\я\Documents\RLpricewars\results\long_matrix_100k_plus\block2_tabular_heterogeneity_100k\alpha_o0.03_v0.15\seed_7
0.03,0.15,"{'p_m': 1.9249809190175329, 'p_n': 1.472926660030884, 'pi_m': [0.337459978414553, 0.337459978414553], 'pi_n': [0.22020400846622798, 0.22020400846622798]}",4e-06,4e-06,alpha_o0.03_v0.15,False,0.95,0.95,4,0.41004291932368764,0.04201133966296133,10000,1.5439831316253811,1.4858928677623096,0.2246528547185082,0.2504258452544328,1.5149379996938452,-0.025772990535924578,0.03794131978304258,0.2577424143224745,15,"{'costs': None, 'demand_scale': 1.0, 'm': 15, 'mu': 0.25, 'n': 2, 'outside_quality': 0.0, 'qualities': None, 'xi': 0.1}",100000,100000,8,C:\Users\я\Documents\RLpricewars\results\long_matrix_100k_plus\block2_tabular_heterogeneity_100k\alpha_o0.03_v0.15\seed_8
0.03,0.15,"{'p_m': 1.9249809190175329, 'p_n': 1.472926660030884, 'pi_m': [0.337459978414553, 0.337459978414553], 'pi_n': [0.22020400846622798, 0.22020400846622798]}",4e-06,4e-06,alpha_o0.03_v0.15,False,0.95,0.95,1,0.36164340718955046,0.09041085179709851,10000,1.5827112657844986,1.5439637578714662,0.2473252430113931,0.2695853642803742,1.5633375118279824,-0.02226012126898111,0.23129939189550452,0.42114150636346037,15,"{'costs': None, 'demand_scale': 1.0, 'm': 15, 'mu': 0.25, 'n': 2, 'outside_quality': 0.0, 'qualities': None, 'xi': 0.1}",100000,100000,9,C:\Users\я\Documents\RLpricewars\results\long_matrix_100k_plus\block2_tabular_heterogeneity_100k\alpha_o0.03_v0.15\seed_9
0.15,0.03,"{'p_m': 1.9249809190175329, 'p_n': 1.472926660030884, 'pi_m': [0.337459978414553, 0.337459978414553], 'pi_n': [0.22020400846622798, 0.22020400846622798]}",4e-06,4e-06,alpha_o0.15_v0.03,False,0.95,0.95,2,0.342269653232979,0.10978460575367,10000,1.602085019741127,1.5633375118279809,0.2538035256729927,0.2772767239123317,1.582711265784554,-0.02347319823933902,0.2865484565227007,0.4867361164745455,15,"{'costs': None, 'demand_scale': 1.0, 'm': 15, 'mu': 0.25, 'n': 2, 'outside_quality': 0.0, 'qualities': None, 'xi': 0.1}",100000,100000,0,C:\Users\я\Documents\RLpricewars\results\long_matrix_100k_plus\block2_tabular_heterogeneity_100k\alpha_o0.15_v0.03\seed_0
0.15,0.03,"{'p_m': 1.9249809190175329, 'p_n': 1.472926660030884, 'pi_m': [0.337459978414553, 0.337459978414553], 'pi_n': [0.22020400846622798, 0.22020400846622798]}",4e-06,4e-06,alpha_o0.15_v0.03,False,0.95,0.95,1,0.28414839136316283,0.16790586762348614,10000,1.6602062816109846,1.6214587736977557,0.27230402878011817,0.2992940298786305,1.64083252765437,-0.02699000109851235,0.4443272298787924,0.6745074169550404,15,"{'costs': None, 'demand_scale': 1.0, 'm': 15, 'mu': 0.25, 'n': 2, 'outside_quality': 0.0, 'qualities': None, 'xi': 0.1}",100000,100000,1,C:\Users\я\Documents\RLpricewars\results\long_matrix_100k_plus\block2_tabular_heterogeneity_100k\alpha_o0.15_v0.03\seed_1
0.15,0.03,"{'p_m': 1.9249809190175329, 'p_n': 1.472926660030884, 'pi_m': [0.337459978414553, 0.337459978414553], 'pi_n': [0.22020400846622798, 0.22020400846622798]}",4e-06,4e-06,alpha_o0.15_v0.03,False,0.95,0.95,4,0.3471189038482674,0.10493535513838159,10000,1.582699641532237,1.5730243888062942,0.25657369654781503,0.26755047523455483,1.5778620151692655,-0.010976778686739797,0.3101734444533209,0.40378725952454747,15,"{'costs': None, 'demand_scale': 1.0, 'm': 15, 'mu': 0.25, 'n': 2, 'outside_quality': 0.0, 'qualities': None, 'xi': 0.1}",100000,100000,2,C:\Users\я\Documents\RLpricewars\results\long_matrix_100k_plus\block2_tabular_heterogeneity_100k\alpha_o0.15_v0.03\seed_2
0.15,0.03,"{'p_m': 1.9249809190175329, 'p_n': 1.472926660030884, 'pi_m': [0.337459978414553, 0.337459978414553], 'pi_n': [0.22020400846622798, 0.22020400846622798]}",4e-06,4e-06,alpha_o0.15_v0.03,False,0.95,0.95,3,0.3035376443228768,0.1485166146637722,10000,1.6731053269953204,1.5697812223939915,0.2378685756637205,0.30461387245594207,1.621443274694656,-0.06674529679222158,0.15064961899404636,0.7198768986083499,15,"{'costs': None, 'demand_scale': 1.0, 'm': 15, 'mu': 0.25, 'n': 2, 'outside_quality': 0.0, 'qualities': None, 'xi': 0.1}",100000,100000,3,C:\Users\я\Documents\RLpricewars\results\long_matrix_100k_plus\block2_tabular_heterogeneity_100k\alpha_o0.15_v0.03\seed_3
0.15,0.03,"{'p_m': 1.9249809190175329, 'p_n': 1.472926660030884, 'pi_m': [0.337459978414553, 0.337459978414553], 'pi_n': [0.22020400846622798, 0.22020400846622798]}",4e-06,4e-06,alpha_o0.15_v0.03,False,0.95,0.95,2,0.34225996635600064,0.10979429263064833,10000,1.5633530108311462,1.6020888944919183,0.2772765498958285,0.2538105149236583,1.5827209526615322,0.023466034972170202,0.4867346324008281,0.2866080633015171,15,"{'costs': None, 'demand_scale': 1.0, 'm': 15, 'mu': 0.25, 'n': 2, 'outside_quality': 0.0, 'qualities': None, 'xi': 0.1}",100000,100000,4,C:\Users\я\Documents\RLpricewars\results\long_matrix_100k_plus\block2_tabular_heterogeneity_100k\alpha_o0.15_v0.03\seed_4
0.15,0.03,"{'p_m': 1.9249809190175329, 'p_n': 1.472926660030884, 'pi_m': [0.337459978414553, 0.337459978414553], 'pi_n': [0.22020400846622798, 0.22020400846622798]}",4e-06,4e-06,alpha_o0.15_v0.03,False,0.95,0.95,3,0.38100166214289377,0.0710525968437552,10000,1.5052433732139885,1.58271514053529,0.2627636018206861,0.2286033232278297,1.543979256874639,0.03416027859285639,0.3629631256576038,0.0716322995349688,15,"{'costs': None, 'demand_scale': 1.0, 'm': 15, 'mu': 0.25, 'n': 2, 'outside_quality': 0.0, 'qualities': None, 'xi': 0.1}",100000,100000,5,C:\Users\я\Documents\RLpricewars\results\long_matrix_100k_plus\block2_tabular_heterogeneity_100k\alpha_o0.15_v0.03\seed_5
0.15,0.03,"{'p_m': 1.9249809190175329, 'p_n': 1.472926660030884, 'pi_m': [0.337459978414553, 0.337459978414553], 'pi_n': [0.22020400846622798, 0.22020400846622798]}",4e-06,4e-06,alpha_o0.15_v0.03,False,0.95,0.95,10,0.35583128100256634,0.09622297798408264,10000,1.5749617642019411,1.563337511827992,0.2510612235570197,0.26218067701600567,1.5691496380149665,-0.011119453458985962,0.2631611431331861,0.35799173865754474,15,"{'costs': None, 'demand_scale': 1.0, 'm': 15, 'mu': 0.25, 'n': 2, 'outside_quality': 0.0, 'qualities': None, 'xi': 0.1}",100000,100000,6,C:\Users\я\Documents\RLpricewars\results\long_matrix_100k_plus\block2_tabular_heterogeneity_100k\alpha_o0.15_v0.03\seed_6
0.15,0.03,"{'p_m': 1.9249809190175329, 'p_n': 1.472926660030884, 'pi_m': [0.337459978414553, 0.337459978414553], 'pi_n': [0.22020400846622798, 0.22020400846622798]}",4e-06,4e-06,alpha_o0.15_v0.03,False,0.95,0.95,1,0.3228958992764057,0.12915835971024325,10000,1.5827112657844986,1.6214587736977557,0.28496808354428954,0.2602818083345946,1.6020850197411272,0.024686275209694963,0.5523307265856335,0.3417975211499165,15,"{'costs': None, 'demand_scale': 1.0, 'm': 15, 'mu': 0.25, 'n': 2, 'outside_quality': 0.0, 'qualities': None, 'xi': 0.1}",100000,100000,7,C:\Users\я\Documents\RLpricewars\results\long_matrix_100k_plus\block2_tabular_heterogeneity_100k\alpha_o0.15_v0.03\seed_7
0.15,0.03,"{'p_m': 1.9249809190175329, 'p_n': 1.472926660030884, 'pi_m': [0.337459978414553, 0.337459978414553], 'pi_n': [0.22020400846622798, 0.22020400846622798]}",4e-06,4e-06,alpha_o0.15_v0.03,False,0.95,0.95,4,0.3180660224149181,0.13398823657173087,10000,1.6407976548973526,1.573032138307877,0.24171229155348697,0.29068653838696284,1.6069148966026148,-0.04897424683347587,0.18343017499866102,0.6010997133177669,15,"{'costs': None, 'demand_scale': 1.0, 'm': 15, 'mu': 0.25, 'n': 2, 'outside_quality': 0.0, 'qualities': None, 'xi': 0.1}",100000,100000,8,C:\Users\я\Documents\RLpricewars\results\long_matrix_100k_plus\block2_tabular_heterogeneity_100k\alpha_o0.15_v0.03\seed_8
0.15,0.03,"{'p_m': 1.9249809190175329, 'p_n': 1.472926660030884, 'pi_m': [0.337459978414553, 0.337459978414553], 'pi_n': [0.22020400846622798, 0.22020400846622798]}",4e-06,4e-06,alpha_o0.15_v0.03,False,0.95,0.95,3,0.3358298174178147,0.11622444156883427,10000,1.5827035162829888,1.5955986869164478,0.271193785390365,0.2639313717192952,1.5891511015997182,0.007262413671069778,0.43485868520475607,0.3729222765573299,15,"{'costs': None, 'demand_scale': 1.0, 'm': 15, 'mu': 0.25, 'n': 2, 'outside_quality': 0.0, 'qualities': None, 'xi': 0.1}",100000,100000,9,C:\Users\я\Documents\RLpricewars\results\long_matrix_100k_plus\block2_tabular_heterogeneity_100k\alpha_o0.15_v0.03\seed_9
0.15,0.15,"{'p_m': 1.9249809190175329, 'p_n': 1.472926660030884, 'pi_m': [0.337459978414553, 0.337459978414553], 'pi_n': [0.22020400846622798, 0.22020400846622798]}",4e-06,4e-06,delta_o0.70_v0.95,False,0.7,0.95,3,0.3745424525738188,0.07751180641283018,10000,1.5439715073729923,1.556905425514436,0.25000597013208714,0.24398276920339845,1.550438466443714,0.006023200928688688,0.2541615721484625,0.20279360400711222,15,"{'costs': None, 'demand_scale': 1.0, 'm': 15, 'mu': 0.25, 'n': 2, 'outside_quality': 0.0, 'qualities': None, 'xi': 0.1}",100000,100000,0,C:\Users\я\Documents\RLpricewars\results\long_matrix_100k_plus\block2_tabular_heterogeneity_100k\delta_o0.70_v0.95\seed_0
0.15,0.15,"{'p_m': 1.9249809190175329, 'p_n': 1.472926660030884, 'pi_m': [0.337459978414553, 0.337459978414553], 'pi_n': [0.22020400846622798, 0.22020400846622798]}",4e-06,4e-06,delta_o0.70_v0.95,False,0.7,0.95,7,0.331209177099121,0.12084508188752796,10000,1.593785303546169,1.5937581802906549,0.2694338647840375,0.26608342067811225,1.5937717419184119,0.0033504441059252765,0.4198494655709663,0.39127570418890767,15,"{'costs': None, 'demand_scale': 1.0, 'm': 15, 'mu': 0.25, 'n': 2, 'outside_quality': 0.0, 'qualities': None, 'xi': 0.1}",100000,100000,1,C:\Users\я\Documents\RLpricewars\results\long_matrix_100k_plus\block2_tabular_heterogeneity_100k\delta_o0.70_v0.95\seed_1
0.15,0.15,"{'p_m': 1.9249809190175329, 'p_n': 1.472926660030884, 'pi_m': [0.337459978414553, 0.337459978414553], 'pi_n': [0.22020400846622798, 0.22020400846622798]}",4e-06,4e-06,delta_o0.70_v0.95,False,0.7,0.95,2,0.44882529999399856,0.0032289589926504103,10000,1.4470949880887927,1.505216249958276,0.23466387358104043,0.2105308522722602,1.4761556190235343,0.024133021308780228,0.12331879665645126,-0.08249606564365769,15,"{'costs': None, 'demand_scale': 1.0, 'm': 15, 'mu': 0.25, 'n': 2, 'outside_quality': 0.0, 'qualities': None, 'xi': 0.1}",100000,100000,2,C:\Users\я\Documents\RLpricewars\results\long_matrix_100k_plus\block2_tabular_heterogeneity_100k\delta_o0.70_v0.95\seed_2
0.15,0.15,"{'p_m': 1.9249809190175329, 'p_n': 1.472926660030884, 'pi_m': [0.337459978414553, 0.337459978414553], 'pi_n': [0.22020400846622798, 0.22020400846622798]}",4e-06,4e-06,delta_o0.70_v0.95,False,0.7,0.95,1,0.4003909151026619,0.05166334388398708,10000,1.5052278742106497,1.5439521336190922,0.2532810629930325,0.23356502593142472,1.524590003914871,0.019716037061607766,0.28209271170910655,0.11394743884754846,15,"{'costs': None, 'demand_scale': 1.0, 'm': 15, 'mu': 0.25, 'n': 2, 'outside_quality': 0.0, 'qualities': None, 'xi': 0.1}",100000,100000,3,C:\Users\я\Documents\RLpricewars\results\long_matrix_100k_plus\block2_tabular_heterogeneity_100k\delta_o0.70_v0.95\seed_3
0.15,0.15,"{'p_m': 1.9249809190175329, 'p_n': 1.472926660030884, 'pi_m': [0.337459978414553, 0.337459978414553], 'pi_n': [0.22020400846622798, 0.22020400846622798]}",4e-06,4e-06,delta_o0.70_v0.95,False,0.7,0.95,6,0.37134190842011794,0.08071235056653103,10000,1.589151101599781,1.518126919595049,0.232027521326676,0.27077004450580955,1.553639010597415,-0.03874252317913354,0.10083506081318228,0.4312448744559969,15,"{'costs': None, 'demand_scale': 1.0, 'm': 15, 'mu': 0.25, 'n': 2, 'outside_quality': 0.0, 'qualities': None, 'xi': 0.1}",100000,100000,4,C:\Users\я\Documents\RLpricewars\results\long_matrix_100k_plus\block2_tabular_heterogeneity_100k\delta_o0.70_v0.95\seed_4
0.15,0.15,"{'p_m': 1.9249809190175329, 'p_n': 1.472926660030884, 'pi_m': [0.337459978414553, 0.337459978414553], 'pi_n': [0.22020400846622798, 0.22020400846622798]}",4e-06,4e-06,delta_o0.70_v0.95,False,0.7,0.95,2,0.361651156691134,0.09040310229551496,10000,1.524605502917921,1.6020540217348767,0.2775306035370012,0.23371710432452755,1.5633297623263989,0.043813499212473656,0.48890129087702056,0.11524441667451837,15,"{'costs': None, 'demand_scale': 1.0, 'm': 15, 'mu': 0.25, 'n': 2, 'outside_quality': 0.0, 'qualities': None, 'xi': 0.1}",100000,100000,5,C:\Users\я\Documents\RLpricewars\results\long_matrix_100k_plus\block2_tabular_heterogeneity_100k\delta_o0.70_v0.95\seed_5
0.15,0.15,"{'p_m': 1.9249809190175329, 'p_n': 1.472926660030884, 'pi_m': [0.337459978414553, 0.337459978414553], 'pi_n': [0.22020400846622798, 0.22020400846622798]}",4e-06,4e-06,delta_o0.70_v0.95,False,0.7,0.95,6,0.32289202452553023,0.12916223446111874,10000,1.5891743501045048,1.6150034388795005,0.2791929777715101,0.25841875532627734,1.6020888944920026,0.02077422244523275,0.5030786008702046,0.3259087522527909,15,"{'costs': None, 'demand_scale': 1.0, 'm': 15, 'mu': 0.25, 'n': 2, 'outside_quality': 0.0, 'qualities': None, 'xi': 0.1}",100000,100000,6,C:\Users\я\Documents\RLpricewars\results\long_matrix_100k_plus\block2_tabular_heterogeneity_100k\delta_o0.70_v0.95\seed_6
0.15,0.15,"{'p_m': 1.9249809190175329, 'p_n': 1.472926660030884, 'pi_m': [0.337459978414553, 0.337459978414553], 'pi_n': [0.22020400846622798, 0.22020400846622798]}",4e-06,4e-06,delta_o0.70_v0.95,False,0.7,0.95,2,0.31321095967349555,0.13884329931315342,10000,1.582703516282916,1.640836402405159,0.29352553134440307,0.2539775008734644,1.6117699593440373,0.03954803047093869,0.6253116400852601,0.2880321779958876,15,"{'costs': None, 'demand_scale': 1.0, 'm': 15, 'mu': 0.25, 'n': 2, 'outside_quality': 0.0, 'qualities': None, 'xi': 0.1}",100000,100000,7,C:\Users\я\Documents\RLpricewars\results\long_matrix_100k_plus\block2_tabular_heterogeneity_100k\delta_o0.70_v0.95\seed_7
0.15,0.15,"{'p_m': 1.9249809190175329, 'p_n': 1.472926660030884, 'pi_m': [0.337459978414553, 0.337459978414553], 'pi_n': [0.22020400846622798, 0.22020400846622798]}",4e-06,4e-06,delta_o0.70_v0.95,False,0.7,0.95,11,0.3827530495005138,0.06930120948613516,10000,1.56158999922127,1.522865739812768,0.23313401925099161,0.25576455124048836,1.542227869517019,-0.022630531989496744,0.11027166284549879,0.3032727697355793,15,"{'costs': None, 'demand_scale': 1.0, 'm': 15, 'mu': 0.25, 'n': 2, 'outside_quality': 0.0, 'qualities': None, 'xi': 0.1}",100000,100000,8,C:\Users\я\Documents\RLpricewars\results\long_matrix_100k_plus\block2_tabular_heterogeneity_100k\delta_o0.70_v0.95\seed_8
0.15,0.15,"{'p_m': 1.9249809190175329, 'p_n': 1.472926660030884, 'pi_m': [0.337459978414553, 0.337459978414553], 'pi_n': [0.22020400846622798, 0.22020400846622798]}",4e-06,4e-06,delta_o0.70_v0.95,False,0.7,0.95,9,0.3465900003651896,0.10546425862145936,10000,1.5784064176554615,1.5783754196492252,0.2523227885925237,0.2533313325274266,1.5783909186523433,-0.0010085439349029057,0.27392021182759874,0.28252142791363144,15,"{'costs': None, 'demand_scale': 1.0, 'm': 15, 'mu': 0.25, 'n': 2, 'outside_quality': 0.0, 'qualities': None, 'xi': 0.1}",100000,100000,9,C:\Users\я\Documents\RLpricewars\results\long_matrix_100k_plus\block2_tabular_heterogeneity_100k\delta_o0.70_v0.95\seed_9
0.15,0.15,"{'p_m': 1.9249809190175329, 'p_n': 1.472926660030884, 'pi_m': [0.337459978414553, 0.337459978414553], 'pi_n': [0.22020400846622798, 0.22020400846622798]}",4e-06,4e-06,delta_o0.95_v0.70,False,0.95,0.7,3,0.3616608435681008,0.09039341541854817,10000,1.5955986869164478,1.5310414639824166,0.23874496246218596,0.2755185719155606,1.563320075449432,-0.036773609453374656,0.1581237527106639,0.4717419801628002,15,"{'costs': None, 'demand_scale': 1.0, 'm': 15, 'mu': 0.25, 'n': 2, 'outside_quality': 0.0, 'qualities': None, 'xi': 0.1}",100000,100000,0,C:\Users\я\Documents\RLpricewars\results\long_matrix_100k_plus\block2_tabular_heterogeneity_100k\delta_o0.95_v0.70\seed_0
0.15,0.15,"{'p_m': 1.9249809190175329, 'p_n': 1.472926660030884, 'pi_m': [0.337459978414553, 0.337459978414553], 'pi_n': [0.22020400846622798, 0.22020400846622798]}",4e-06,4e-06,delta_o0.95_v0.70,False,0.95,0.7,9,0.3444317641744654,0.10762249481218356,10000,1.587004489661433,1.5740938200247019,0.2556520385691129,0.2654244709660329,1.5805491548430675,-0.009772432396919994,0.30231322224793283,0.3856559501382631,15,"{'costs': None, 'demand_scale': 1.0, 'm': 15, 'mu': 0.25, 'n': 2, 'outside_quality': 0.0, 'qualities': None, 'xi': 0.1}",100000,100000,1,C:\Users\я\Documents\RLpricewars\results\long_matrix_100k_plus\block2_tabular_heterogeneity_100k\delta_o0.95_v0.70\seed_1
0.15,0.15,"{'p_m': 1.9249809190175329, 'p_n': 1.472926660030884, 'pi_m': [0.337459978414553, 0.337459978414553], 'pi_n': [0.22020400846622798, 0.22020400846622798]}",4e-06,4e-06,delta_o0.95_v0.70,False,0.95,0.7,5,0.3577667190228242,0.09428753996382477,10000,1.5594550115350614,1.574973388454356,0.26289861102979517,0.2529519026585903,1.5672141999947087,0.009946708371204871,0.3641145315021726,0.2792855170341808,15,"{'costs': None, 'demand_scale': 1.0, 'm': 15, 'mu': 0.25, 'n': 2, 'outside_quality': 0.0, 'qualities': None, 'xi': 0.1}",100000,100000,2,C:\Users\я\Documents\RLpricewars\results\long_matrix_100k_plus\block2_tabular_heterogeneity_100k\delta_o0.95_v0.70\seed_2
0.15,0.15,"{'p_m': 1.9249809190175329, 'p_n': 1.472926660030884, 'pi_m': [0.337459978414553, 0.337459978414553], 'pi_n': [0.22020400846622798, 0.22020400846622798]}",4e-06,4e-06,delta_o0.95_v0.70,False,0.95,0.7,6,0.3519487807096291,0.10010547827701988,10000,1.5568860517604728,1.5891782248553348,0.2621739092665729,0.24489221553452675,1.5730321383079038,0.01728169373204616,0.35793402091885956,0.21054968100284296,15,"{'costs': None, 'demand_scale': 1.0, 'm': 15, 'mu': 0.25, 'n': 2, 'outside_quality': 0.0, 'qualities': None, 'xi': 0.1}",100000,100000,3,C:\Users\я\Documents\RLpricewars\results\long_matrix_100k_plus\block2_tabular_heterogeneity_100k\delta_o0.95_v0.70\seed_3
0.15,0.15,"{'p_m': 1.9249809190175329, 'p_n': 1.472926660030884, 'pi_m': [0.337459978414553, 0.337459978414553], 'pi_n': [0.22020400846622798, 0.22020400846622798]}",4e-06,4e-06,delta_o0.95_v0.70,False,0.95,0.7,1,0.3616472819403418,0.09040697704630718,10000,1.5439947558777967,1.5826725182765855,0.26956246469377676,0.2473399875209239,1.563333637077191,0.02222247717285286,0.42094621066459276,0.23142513823948418,15,"{'costs': None, 'demand_scale': 1.0, 'm': 15, 'mu': 0.25, 'n': 2, 'outside_quality': 0.0, 'qualities': None, 'xi': 0.1}",100000,100000,4,C:\Users\я\Documents\RLpricewars\results\long_matrix_100k_plus\block2_tabular_heterogeneity_100k\delta_o0.95_v0.70\seed_4
0.15,0.15,"{'p_m': 1.9249809190175329, 'p_n': 1.472926660030884, 'pi_m': [0.337459978414553, 0.337459978414553], 'pi_n': [0.22020400846622798, 0.22020400846622798]}",4e-06,4e-06,delta_o0.95_v0.70,False,0.95,0.7,2,0.3906827269951121,0.06137153199153689,10000,1.5246210019210862,1.5439753821237554,0.25258237192784827,0.2402534314598332,1.5342981920224208,0.012328940468015082,0.2761340294732073,0.17098850491314888,15,"{'costs': None, 'demand_scale': 1.0, 'm': 15, 'mu': 0.25, 'n': 2, 'outside_quality': 0.0, 'qualities': None, 'xi': 0.1}",100000,100000,5,C:\Users\я\Documents\RLpricewars\results\long_matrix_100k_plus\block2_tabular_heterogeneity_100k\delta_o0.95_v0.70\seed_5
0.15,0.15,"{'p_m': 1.9249809190175329, 'p_n': 1.472926660030884, 'pi_m': [0.337459978414553, 0.337459978414553], 'pi_n': [0.22020400846622798, 0.22020400846622798]}",4e-06,4e-06,delta_o0.95_v0.70,False,0.95,0.7,4,0.33742621474380297,0.114628044242846,10000,1.5827112657845532,1.5923981427629068,0.26973640171143554,0.2608915020192682,1.58755470427373,0.00884489969216734,0.4224296065013713,0.3469972025387815,15,"{'costs': None, 'demand_scale': 1.0, 'm': 15, 'mu': 0.25, 'n': 2, 'outside_quality': 0.0, 'qualities': None, 'xi': 0.1}",100000,100000,6,C:\Users\я\Documents\RLpricewars\results\long_matrix_100k_plus\block2_tabular_heterogeneity_100k\delta_o0.95_v0.70\seed_6
0.15,0.15,"{'p_m': 1.9249809190175329, 'p_n': 1.472926660030884, 'pi_m': [0.337459978414553, 0.337459978414553], 'pi_n': [0.22020400846622798, 0.22020400846622798]}",4e-06,4e-06,delta_o0.95_v0.70,False,0.95,0.7,1,0.3616337203125721,0.09042053867407684,10000,1.5440180043825447,1.5826763930273768,0.269561064656376,0.24734612829847605,1.5633471987049607,0.022214936357899978,0.42093427065504485,0.23147750894227104,15,"{'costs': None, 'demand_scale': 1.0, 'm': 15, 'mu': 0.25, 'n': 2, 'outside_quality': 0.0, 'qualities': None, 'xi': 0.1}",100000,100000,7,C:\Users\я\Documents\RLpricewars\results\long_matrix_100k_plus\block2_tabular_heterogeneity_100k\delta_o0.95_v0.70\seed_7
0.15,0.15,"{'p_m': 1.9249809190175329, 'p_n': 1.472926660030884, 'pi_m': [0.337459978414553, 0.337459978414553], 'pi_n': [0.22020400846622798, 0.22020400846622798]}",4e-06,4e-06,delta_o0.95_v0.70,False,0.95,0.7,2,0.3228958992762907,0.12915835971035827,10000,1.5827112657846145,1.62145877369787,0.28017496334413144,0.2560450519880174,1.6020850197412422,0.02412991135611403,0.511453317936245,0.3056649784022482,15,"{'costs': None, 'demand_scale': 1.0, 'm': 15, 'mu': 0.25, 'n': 2, 'outside_quality': 0.0, 'qualities': None, 'xi': 0.1}",100000,100000,8,C:\Users\я\Documents\RLpricewars\results\long_matrix_100k_plus\block2_tabular_heterogeneity_100k\delta_o0.95_v0.70\seed_8
0.15,0.15,"{'p_m': 1.9249809190175329, 'p_n': 1.472926660030884, 'pi_m': [0.337459978414553, 0.337459978414553], 'pi_n': [0.22020400846622798, 0.22020400846622798]}",4e-06,4e-06,delta_o0.95_v0.70,False,0.95,0.7,17,0.33771875842849086,0.11433550055815811,10000,1.5804251628178063,1.594099158360278,0.26154783237531015,0.2559094004078208,1.587262160589042,0.005638431967489366,0.35259461780327683,0.30450809419194824,15,"{'costs': None, 'demand_scale': 1.0, 'm': 15, 'mu': 0.25, 'n': 2, 'outside_quality': 0.0, 'qualities': None, 'xi': 0.1}",100000,100000,9,C:\Users\я\Documents\RLpricewars\results\long_matrix_100k_plus\block2_tabular_heterogeneity_100k\delta_o0.95_v0.70\seed_9
